value,classification,date,time
30,2,01-02-2018,2018-02-01 05:30:00
15,0,02-02-2018,2018-02-02 05:30:00
40,2,03-02-2018,2018-02-03 05:30:00
24,0,04-02-2018,2018-02-04 05:30:00
11,0,05-02-2018,2018-02-05 05:30:00
8,0,06-02-2018,2018-02-06 05:30:00
36,2,07-02-2018,2018-02-07 05:30:00
30,2,08-02-2018,2018-02-08 05:30:00
44,2,09-02-2018,2018-02-09 05:30:00
54,4,10-02-2018,2018-02-10 05:30:00
31,2,11-02-2018,2018-02-11 05:30:00
42,2,12-02-2018,2018-02-12 05:30:00
35,2,13-02-2018,2018-02-13 05:30:00
55,3,14-02-2018,2018-02-14 05:30:00
71,3,15-02-2018,2018-02-15 05:30:00
67,3,16-02-2018,2018-02-16 05:30:00
74,3,17-02-2018,2018-02-17 05:30:00
63,3,18-02-2018,2018-02-18 05:30:00
67,3,19-02-2018,2018-02-19 05:30:00
74,3,20-02-2018,2018-02-20 05:30:00
54,4,21-02-2018,2018-02-21 05:30:00
44,2,22-02-2018,2018-02-22 05:30:00
39,2,23-02-2018,2018-02-23 05:30:00
31,2,24-02-2018,2018-02-24 05:30:00
33,2,25-02-2018,2018-02-25 05:30:00
37,2,26-02-2018,2018-02-26 05:30:00
44,2,27-02-2018,2018-02-27 05:30:00
41,2,28-02-2018,2018-02-28 05:30:00
38,2,01-03-2018,2018-03-01 05:30:00
47,4,02-03-2018,2018-03-02 05:30:00
56,3,03-03-2018,2018-03-03 05:30:00
44,2,04-03-2018,2018-03-04 05:30:00
55,3,05-03-2018,2018-03-05 05:30:00
59,3,06-03-2018,2018-03-06 05:30:00
37,2,07-03-2018,2018-03-07 05:30:00
39,2,08-03-2018,2018-03-08 05:30:00
37,2,09-03-2018,2018-03-09 05:30:00
39,2,10-03-2018,2018-03-10 05:30:00
40,2,11-03-2018,2018-03-11 05:30:00
41,2,12-03-2018,2018-03-12 05:30:00
41,2,13-03-2018,2018-03-13 05:30:00
40,2,14-03-2018,2018-03-14 05:30:00
32,2,15-03-2018,2018-03-15 05:30:00
33,2,16-03-2018,2018-03-16 05:30:00
31,2,17-03-2018,2018-03-17 05:30:00
29,2,18-03-2018,2018-03-18 05:30:00
29,2,19-03-2018,2018-03-19 05:30:00
37,2,20-03-2018,2018-03-20 05:30:00
36,2,21-03-2018,2018-03-21 05:30:00
36,2,22-03-2018,2018-03-22 05:30:00
28,2,23-03-2018,2018-03-23 05:30:00
32,2,24-03-2018,2018-03-24 05:30:00
30,2,25-03-2018,2018-03-25 05:30:00
31,2,26-03-2018,2018-03-26 05:30:00
24,0,27-03-2018,2018-03-27 05:30:00
24,0,28-03-2018,2018-03-28 05:30:00
18,0,29-03-2018,2018-03-29 05:30:00
12,0,30-03-2018,2018-03-30 05:30:00
16,0,31-03-2018,2018-03-31 05:30:00
16,0,01-04-2018,2018-04-01 05:30:00
11,0,02-04-2018,2018-04-02 05:30:00
22,0,03-04-2018,2018-04-03 05:30:00
22,0,04-04-2018,2018-04-04 05:30:00
17,0,05-04-2018,2018-04-05 05:30:00
19,0,06-04-2018,2018-04-06 05:30:00
20,0,07-04-2018,2018-04-07 05:30:00
17,0,08-04-2018,2018-04-08 05:30:00
21,0,09-04-2018,2018-04-09 05:30:00
18,0,10-04-2018,2018-04-10 05:30:00
20,0,11-04-2018,2018-04-11 05:30:00
18,0,12-04-2018,2018-04-12 05:30:00
23,0,13-04-2018,2018-04-13 05:30:00
26,2,17-04-2018,2018-04-17 05:30:00
24,0,18-04-2018,2018-04-18 05:30:00
25,2,19-04-2018,2018-04-19 05:30:00
26,2,20-04-2018,2018-04-20 05:30:00
32,2,21-04-2018,2018-04-21 05:30:00
31,2,22-04-2018,2018-04-22 05:30:00
28,2,23-04-2018,2018-04-23 05:30:00
29,2,24-04-2018,2018-04-24 05:30:00
64,3,25-04-2018,2018-04-25 05:30:00
47,4,26-04-2018,2018-04-26 05:30:00
55,3,27-04-2018,2018-04-27 05:30:00
54,4,28-04-2018,2018-04-28 05:30:00
61,3,29-04-2018,2018-04-29 05:30:00
59,3,30-04-2018,2018-04-30 05:30:00
56,3,01-05-2018,2018-05-01 05:30:00
52,4,02-05-2018,2018-05-02 05:30:00
55,3,03-05-2018,2018-05-03 05:30:00
56,3,04-05-2018,2018-05-04 05:30:00
63,3,05-05-2018,2018-05-05 05:30:00
67,3,06-05-2018,2018-05-06 05:30:00
56,3,07-05-2018,2018-05-07 05:30:00
62,3,08-05-2018,2018-05-08 05:30:00
53,4,09-05-2018,2018-05-09 05:30:00
63,3,10-05-2018,2018-05-10 05:30:00
41,2,11-05-2018,2018-05-11 05:30:00
44,2,12-05-2018,2018-05-12 05:30:00
40,2,13-05-2018,2018-05-13 05:30:00
40,2,14-05-2018,2018-05-14 05:30:00
40,2,15-05-2018,2018-05-15 05:30:00
32,2,16-05-2018,2018-05-16 05:30:00
31,2,17-05-2018,2018-05-17 05:30:00
37,2,18-05-2018,2018-05-18 05:30:00
31,2,19-05-2018,2018-05-19 05:30:00
32,2,20-05-2018,2018-05-20 05:30:00
41,2,21-05-2018,2018-05-21 05:30:00
30,2,22-05-2018,2018-05-22 05:30:00
26,2,23-05-2018,2018-05-23 05:30:00
27,2,24-05-2018,2018-05-24 05:30:00
25,2,25-05-2018,2018-05-25 05:30:00
23,0,26-05-2018,2018-05-26 05:30:00
19,0,27-05-2018,2018-05-27 05:30:00
22,0,28-05-2018,2018-05-28 05:30:00
16,0,29-05-2018,2018-05-29 05:30:00
38,2,30-05-2018,2018-05-30 05:30:00
25,2,31-05-2018,2018-05-31 05:30:00
24,0,01-06-2018,2018-06-01 05:30:00
27,2,02-06-2018,2018-06-02 05:30:00
40,2,03-06-2018,2018-06-03 05:30:00
41,2,04-06-2018,2018-06-04 05:30:00
26,2,05-06-2018,2018-06-05 05:30:00
42,2,06-06-2018,2018-06-06 05:30:00
38,2,07-06-2018,2018-06-07 05:30:00
40,2,08-06-2018,2018-06-08 05:30:00
39,2,09-06-2018,2018-06-09 05:30:00
24,0,10-06-2018,2018-06-10 05:30:00
15,0,11-06-2018,2018-06-11 05:30:00
19,0,12-06-2018,2018-06-12 05:30:00
19,0,13-06-2018,2018-06-13 05:30:00
17,0,14-06-2018,2018-06-14 05:30:00
26,2,15-06-2018,2018-06-15 05:30:00
22,0,16-06-2018,2018-06-16 05:30:00
23,0,17-06-2018,2018-06-17 05:30:00
27,2,18-06-2018,2018-06-18 05:30:00
32,2,19-06-2018,2018-06-19 05:30:00
34,2,20-06-2018,2018-06-20 05:30:00
37,2,21-06-2018,2018-06-21 05:30:00
28,2,22-06-2018,2018-06-22 05:30:00
17,0,23-06-2018,2018-06-23 05:30:00
15,0,24-06-2018,2018-06-24 05:30:00
16,0,25-06-2018,2018-06-25 05:30:00
21,0,26-06-2018,2018-06-26 05:30:00
18,0,27-06-2018,2018-06-27 05:30:00
20,0,28-06-2018,2018-06-28 05:30:00
16,0,29-06-2018,2018-06-29 05:30:00
22,0,30-06-2018,2018-06-30 05:30:00
27,2,01-07-2018,2018-07-01 05:30:00
27,2,02-07-2018,2018-07-02 05:30:00
31,2,03-07-2018,2018-07-03 05:30:00
33,2,04-07-2018,2018-07-04 05:30:00
37,2,05-07-2018,2018-07-05 05:30:00
34,2,06-07-2018,2018-07-06 05:30:00
34,2,07-07-2018,2018-07-07 05:30:00
38,2,08-07-2018,2018-07-08 05:30:00
39,2,09-07-2018,2018-07-09 05:30:00
37,2,10-07-2018,2018-07-10 05:30:00
29,2,11-07-2018,2018-07-11 05:30:00
33,2,12-07-2018,2018-07-12 05:30:00
29,2,13-07-2018,2018-07-13 05:30:00
29,2,14-07-2018,2018-07-14 05:30:00
32,2,15-07-2018,2018-07-15 05:30:00
36,2,16-07-2018,2018-07-16 05:30:00
39,2,17-07-2018,2018-07-17 05:30:00
42,2,18-07-2018,2018-07-18 05:30:00
44,2,19-07-2018,2018-07-19 05:30:00
47,4,20-07-2018,2018-07-20 05:30:00
43,2,21-07-2018,2018-07-21 05:30:00
46,4,22-07-2018,2018-07-22 05:30:00
44,2,23-07-2018,2018-07-23 05:30:00
49,4,24-07-2018,2018-07-24 05:30:00
54,4,25-07-2018,2018-07-25 05:30:00
53,4,26-07-2018,2018-07-26 05:30:00
47,4,27-07-2018,2018-07-27 05:30:00
54,4,28-07-2018,2018-07-28 05:30:00
54,4,29-07-2018,2018-07-29 05:30:00
53,4,30-07-2018,2018-07-30 05:30:00
48,4,31-07-2018,2018-07-31 05:30:00
39,2,01-08-2018,2018-08-01 05:30:00
39,2,02-08-2018,2018-08-02 05:30:00
36,2,03-08-2018,2018-08-03 05:30:00
31,2,04-08-2018,2018-08-04 05:30:00
23,0,05-08-2018,2018-08-05 05:30:00
25,2,06-08-2018,2018-08-06 05:30:00
25,2,07-08-2018,2018-08-07 05:30:00
23,0,08-08-2018,2018-08-08 05:30:00
19,0,09-08-2018,2018-08-09 05:30:00
21,0,10-08-2018,2018-08-10 05:30:00
18,0,11-08-2018,2018-08-11 05:30:00
18,0,12-08-2018,2018-08-12 05:30:00
21,0,13-08-2018,2018-08-13 05:30:00
16,0,14-08-2018,2018-08-14 05:30:00
18,0,15-08-2018,2018-08-15 05:30:00
21,0,16-08-2018,2018-08-16 05:30:00
19,0,17-08-2018,2018-08-17 05:30:00
24,0,18-08-2018,2018-08-18 05:30:00
27,2,19-08-2018,2018-08-19 05:30:00
26,2,20-08-2018,2018-08-20 05:30:00
19,0,21-08-2018,2018-08-21 05:30:00
21,0,22-08-2018,2018-08-22 05:30:00
18,0,23-08-2018,2018-08-23 05:30:00
19,0,24-08-2018,2018-08-24 05:30:00
22,0,25-08-2018,2018-08-25 05:30:00
19,0,26-08-2018,2018-08-26 05:30:00
18,0,27-08-2018,2018-08-27 05:30:00
19,0,28-08-2018,2018-08-28 05:30:00
19,0,29-08-2018,2018-08-29 05:30:00
22,0,30-08-2018,2018-08-30 05:30:00
17,0,31-08-2018,2018-08-31 05:30:00
21,0,01-09-2018,2018-09-01 05:30:00
18,0,02-09-2018,2018-09-02 05:30:00
19,0,03-09-2018,2018-09-03 05:30:00
26,2,04-09-2018,2018-09-04 05:30:00
17,0,05-09-2018,2018-09-05 05:30:00
14,0,06-09-2018,2018-09-06 05:30:00
17,0,07-09-2018,2018-09-07 05:30:00
18,0,08-09-2018,2018-09-08 05:30:00
13,0,09-09-2018,2018-09-09 05:30:00
15,0,10-09-2018,2018-09-10 05:30:00
18,0,11-09-2018,2018-09-11 05:30:00
14,0,12-09-2018,2018-09-12 05:30:00
20,0,13-09-2018,2018-09-13 05:30:00
23,0,14-09-2018,2018-09-14 05:30:00
24,0,15-09-2018,2018-09-15 05:30:00
28,2,16-09-2018,2018-09-16 05:30:00
25,2,17-09-2018,2018-09-17 05:30:00
21,0,18-09-2018,2018-09-18 05:30:00
24,0,19-09-2018,2018-09-19 05:30:00
24,0,20-09-2018,2018-09-20 05:30:00
31,2,21-09-2018,2018-09-21 05:30:00
35,2,22-09-2018,2018-09-22 05:30:00
38,2,23-09-2018,2018-09-23 05:30:00
43,2,24-09-2018,2018-09-24 05:30:00
37,2,25-09-2018,2018-09-25 05:30:00
37,2,26-09-2018,2018-09-26 05:30:00
42,2,27-09-2018,2018-09-27 05:30:00
42,2,28-09-2018,2018-09-28 05:30:00
37,2,29-09-2018,2018-09-29 05:30:00
34,2,30-09-2018,2018-09-30 05:30:00
35,2,01-10-2018,2018-10-01 05:30:00
33,2,02-10-2018,2018-10-02 05:30:00
36,2,03-10-2018,2018-10-03 05:30:00
29,2,04-10-2018,2018-10-04 05:30:00
37,2,05-10-2018,2018-10-05 05:30:00
34,2,06-10-2018,2018-10-06 05:30:00
29,2,07-10-2018,2018-10-07 05:30:00
26,2,08-10-2018,2018-10-08 05:30:00
31,2,09-10-2018,2018-10-09 05:30:00
28,2,10-10-2018,2018-10-10 05:30:00
19,0,11-10-2018,2018-10-11 05:30:00
13,0,12-10-2018,2018-10-12 05:30:00
15,0,13-10-2018,2018-10-13 05:30:00
18,0,14-10-2018,2018-10-14 05:30:00
20,0,15-10-2018,2018-10-15 05:30:00
24,0,16-10-2018,2018-10-16 05:30:00
23,0,17-10-2018,2018-10-17 05:30:00
26,2,18-10-2018,2018-10-18 05:30:00
24,0,19-10-2018,2018-10-19 05:30:00
21,0,20-10-2018,2018-10-20 05:30:00
21,0,21-10-2018,2018-10-21 05:30:00
27,2,22-10-2018,2018-10-22 05:30:00
24,0,23-10-2018,2018-10-23 05:30:00
23,0,24-10-2018,2018-10-24 05:30:00
25,2,25-10-2018,2018-10-25 05:30:00
29,2,26-10-2018,2018-10-26 05:30:00
33,2,27-10-2018,2018-10-27 05:30:00
35,2,28-10-2018,2018-10-28 05:30:00
34,2,29-10-2018,2018-10-29 05:30:00
31,2,30-10-2018,2018-10-30 05:30:00
32,2,31-10-2018,2018-10-31 05:30:00
29,2,01-11-2018,2018-11-01 05:30:00
36,2,02-11-2018,2018-11-02 05:30:00
36,2,03-11-2018,2018-11-03 05:30:00
41,2,04-11-2018,2018-11-04 05:30:00
42,2,05-11-2018,2018-11-05 05:30:00
42,2,06-11-2018,2018-11-06 05:30:00
48,4,07-11-2018,2018-11-07 05:30:00
51,4,08-11-2018,2018-11-08 05:30:00
47,4,09-11-2018,2018-11-09 05:30:00
52,4,10-11-2018,2018-11-10 05:30:00
54,4,11-11-2018,2018-11-11 05:30:00
52,4,12-11-2018,2018-11-12 05:30:00
56,3,13-11-2018,2018-11-13 05:30:00
49,4,14-11-2018,2018-11-14 05:30:00
28,2,15-11-2018,2018-11-15 05:30:00
23,0,16-11-2018,2018-11-16 05:30:00
24,0,17-11-2018,2018-11-17 05:30:00
26,2,18-11-2018,2018-11-18 05:30:00
28,2,19-11-2018,2018-11-19 05:30:00
21,0,20-11-2018,2018-11-20 05:30:00
15,0,21-11-2018,2018-11-21 05:30:00
14,0,22-11-2018,2018-11-22 05:30:00
12,0,23-11-2018,2018-11-23 05:30:00
15,0,24-11-2018,2018-11-24 05:30:00
9,0,25-11-2018,2018-11-25 05:30:00
17,0,26-11-2018,2018-11-26 05:30:00
11,0,27-11-2018,2018-11-27 05:30:00
14,0,28-11-2018,2018-11-28 05:30:00
18,0,29-11-2018,2018-11-29 05:30:00
19,0,30-11-2018,2018-11-30 05:30:00
13,0,01-12-2018,2018-12-01 05:30:00
15,0,02-12-2018,2018-12-02 05:30:00
17,0,03-12-2018,2018-12-03 05:30:00
12,0,04-12-2018,2018-12-04 05:30:00
19,0,05-12-2018,2018-12-05 05:30:00
13,0,06-12-2018,2018-12-06 05:30:00
11,0,07-12-2018,2018-12-07 05:30:00
11,0,08-12-2018,2018-12-08 05:30:00
14,0,09-12-2018,2018-12-09 05:30:00
19,0,10-12-2018,2018-12-10 05:30:00
15,0,11-12-2018,2018-12-11 05:30:00
14,0,12-12-2018,2018-12-12 05:30:00
14,0,13-12-2018,2018-12-13 05:30:00
10,0,14-12-2018,2018-12-14 05:30:00
11,0,15-12-2018,2018-12-15 05:30:00
13,0,16-12-2018,2018-12-16 05:30:00
17,0,17-12-2018,2018-12-17 05:30:00
23,0,18-12-2018,2018-12-18 05:30:00
21,0,19-12-2018,2018-12-19 05:30:00
27,2,20-12-2018,2018-12-20 05:30:00
35,2,21-12-2018,2018-12-21 05:30:00
28,2,22-12-2018,2018-12-22 05:30:00
31,2,23-12-2018,2018-12-23 05:30:00
25,2,24-12-2018,2018-12-24 05:30:00
33,2,25-12-2018,2018-12-25 05:30:00
26,2,26-12-2018,2018-12-26 05:30:00
29,2,27-12-2018,2018-12-27 05:30:00
21,0,28-12-2018,2018-12-28 05:30:00
24,0,29-12-2018,2018-12-29 05:30:00
23,0,30-12-2018,2018-12-30 05:30:00
26,2,31-12-2018,2018-12-31 05:30:00
24,0,01-01-2019,2019-01-01 05:30:00
30,2,02-01-2019,2019-01-02 05:30:00
33,2,03-01-2019,2019-01-03 05:30:00
48,4,04-01-2019,2019-01-04 05:30:00
36,2,05-01-2019,2019-01-05 05:30:00
31,2,06-01-2019,2019-01-06 05:30:00
39,2,07-01-2019,2019-01-07 05:30:00
39,2,08-01-2019,2019-01-08 05:30:00
42,2,09-01-2019,2019-01-09 05:30:00
37,2,10-01-2019,2019-01-10 05:30:00
19,0,11-01-2019,2019-01-11 05:30:00
22,0,12-01-2019,2019-01-12 05:30:00
21,0,13-01-2019,2019-01-13 05:30:00
16,0,14-01-2019,2019-01-14 05:30:00
27,2,15-01-2019,2019-01-15 05:30:00
24,0,16-01-2019,2019-01-16 05:30:00
28,2,17-01-2019,2019-01-17 05:30:00
29,2,18-01-2019,2019-01-18 05:30:00
31,2,19-01-2019,2019-01-19 05:30:00
35,2,20-01-2019,2019-01-20 05:30:00
30,2,21-01-2019,2019-01-21 05:30:00
27,2,22-01-2019,2019-01-22 05:30:00
33,2,23-01-2019,2019-01-23 05:30:00
37,2,24-01-2019,2019-01-24 05:30:00
35,2,25-01-2019,2019-01-25 05:30:00
41,2,26-01-2019,2019-01-26 05:30:00
39,2,27-01-2019,2019-01-27 05:30:00
35,2,28-01-2019,2019-01-28 05:30:00
21,0,29-01-2019,2019-01-29 05:30:00
22,0,30-01-2019,2019-01-30 05:30:00
17,0,31-01-2019,2019-01-31 05:30:00
23,0,01-02-2019,2019-02-01 05:30:00
22,0,02-02-2019,2019-02-02 05:30:00
19,0,03-02-2019,2019-02-03 05:30:00
27,2,04-02-2019,2019-02-04 05:30:00
21,0,05-02-2019,2019-02-05 05:30:00
14,0,06-02-2019,2019-02-06 05:30:00
18,0,07-02-2019,2019-02-07 05:30:00
37,2,08-02-2019,2019-02-08 05:30:00
42,2,09-02-2019,2019-02-09 05:30:00
40,2,10-02-2019,2019-02-10 05:30:00
46,4,11-02-2019,2019-02-11 05:30:00
38,2,12-02-2019,2019-02-12 05:30:00
48,4,13-02-2019,2019-02-13 05:30:00
48,4,14-02-2019,2019-02-14 05:30:00
43,2,15-02-2019,2019-02-15 05:30:00
43,2,16-02-2019,2019-02-16 05:30:00
38,2,17-02-2019,2019-02-17 05:30:00
63,3,18-02-2019,2019-02-18 05:30:00
65,3,19-02-2019,2019-02-19 05:30:00
59,3,20-02-2019,2019-02-20 05:30:00
59,3,21-02-2019,2019-02-21 05:30:00
61,3,22-02-2019,2019-02-22 05:30:00
63,3,23-02-2019,2019-02-23 05:30:00
69,3,24-02-2019,2019-02-24 05:30:00
47,4,25-02-2019,2019-02-25 05:30:00
40,2,26-02-2019,2019-02-26 05:30:00
39,2,27-02-2019,2019-02-27 05:30:00
39,2,28-02-2019,2019-02-28 05:30:00
42,2,01-03-2019,2019-03-01 05:30:00
41,2,02-03-2019,2019-03-02 05:30:00
44,2,03-03-2019,2019-03-03 05:30:00
36,2,04-03-2019,2019-03-04 05:30:00
35,2,05-03-2019,2019-03-05 05:30:00
42,2,06-03-2019,2019-03-06 05:30:00
56,3,07-03-2019,2019-03-07 05:30:00
54,4,08-03-2019,2019-03-08 05:30:00
55,3,09-03-2019,2019-03-09 05:30:00
55,3,10-03-2019,2019-03-10 05:30:00
56,3,11-03-2019,2019-03-11 05:30:00
56,3,12-03-2019,2019-03-12 05:30:00
54,4,13-03-2019,2019-03-13 05:30:00
55,3,14-03-2019,2019-03-14 05:30:00
55,3,15-03-2019,2019-03-15 05:30:00
54,4,16-03-2019,2019-03-16 05:30:00
58,3,17-03-2019,2019-03-17 05:30:00
56,3,18-03-2019,2019-03-18 05:30:00
56,3,19-03-2019,2019-03-19 05:30:00
55,3,20-03-2019,2019-03-20 05:30:00
62,3,21-03-2019,2019-03-21 05:30:00
56,3,22-03-2019,2019-03-22 05:30:00
50,4,23-03-2019,2019-03-23 05:30:00
44,2,24-03-2019,2019-03-24 05:30:00
46,4,25-03-2019,2019-03-25 05:30:00
43,2,26-03-2019,2019-03-26 05:30:00
44,2,27-03-2019,2019-03-27 05:30:00
49,4,28-03-2019,2019-03-28 05:30:00
50,4,29-03-2019,2019-03-29 05:30:00
57,3,30-03-2019,2019-03-30 05:30:00
56,3,31-03-2019,2019-03-31 05:30:00
62,3,01-04-2019,2019-04-01 05:30:00
60,3,02-04-2019,2019-04-02 05:30:00
71,3,03-04-2019,2019-04-03 05:30:00
61,3,04-04-2019,2019-04-04 05:30:00
59,3,05-04-2019,2019-04-05 05:30:00
65,3,06-04-2019,2019-04-06 05:30:00
69,3,07-04-2019,2019-04-07 05:30:00
65,3,08-04-2019,2019-04-08 05:30:00
64,3,09-04-2019,2019-04-09 05:30:00
62,3,10-04-2019,2019-04-10 05:30:00
65,3,11-04-2019,2019-04-11 05:30:00
42,2,12-04-2019,2019-04-12 05:30:00
62,3,13-04-2019,2019-04-13 05:30:00
51,4,14-04-2019,2019-04-14 05:30:00
60,3,15-04-2019,2019-04-15 05:30:00
50,4,16-04-2019,2019-04-16 05:30:00
61,3,17-04-2019,2019-04-17 05:30:00
64,3,18-04-2019,2019-04-18 05:30:00
61,3,19-04-2019,2019-04-19 05:30:00
62,3,20-04-2019,2019-04-20 05:30:00
62,3,21-04-2019,2019-04-21 05:30:00
61,3,22-04-2019,2019-04-22 05:30:00
68,3,23-04-2019,2019-04-23 05:30:00
65,3,24-04-2019,2019-04-24 05:30:00
58,3,25-04-2019,2019-04-25 05:30:00
41,2,26-04-2019,2019-04-26 05:30:00
42,2,27-04-2019,2019-04-27 05:30:00
40,2,28-04-2019,2019-04-28 05:30:00
42,2,29-04-2019,2019-04-29 05:30:00
42,2,30-04-2019,2019-04-30 05:30:00
51,4,01-05-2019,2019-05-01 05:30:00
50,4,02-05-2019,2019-05-02 05:30:00
63,3,03-05-2019,2019-05-03 05:30:00
66,3,04-05-2019,2019-05-04 05:30:00
67,3,05-05-2019,2019-05-05 05:30:00
57,3,06-05-2019,2019-05-06 05:30:00
69,3,07-05-2019,2019-05-07 05:30:00
63,3,08-05-2019,2019-05-08 05:30:00
69,3,09-05-2019,2019-05-09 05:30:00
71,3,10-05-2019,2019-05-10 05:30:00
76,1,11-05-2019,2019-05-11 05:30:00
75,1,12-05-2019,2019-05-12 05:30:00
78,1,13-05-2019,2019-05-13 05:30:00
78,1,14-05-2019,2019-05-14 05:30:00
77,1,15-05-2019,2019-05-15 05:30:00
75,1,16-05-2019,2019-05-16 05:30:00
65,3,17-05-2019,2019-05-17 05:30:00
67,3,18-05-2019,2019-05-18 05:30:00
70,3,19-05-2019,2019-05-19 05:30:00
73,3,20-05-2019,2019-05-20 05:30:00
68,3,21-05-2019,2019-05-21 05:30:00
69,3,22-05-2019,2019-05-22 05:30:00
65,3,23-05-2019,2019-05-23 05:30:00
64,3,24-05-2019,2019-05-24 05:30:00
69,3,25-05-2019,2019-05-25 05:30:00
67,3,26-05-2019,2019-05-26 05:30:00
70,3,27-05-2019,2019-05-27 05:30:00
71,3,28-05-2019,2019-05-28 05:30:00
71,3,29-05-2019,2019-05-29 05:30:00
73,3,30-05-2019,2019-05-30 05:30:00
61,3,31-05-2019,2019-05-31 05:30:00
62,3,01-06-2019,2019-06-01 05:30:00
63,3,02-06-2019,2019-06-02 05:30:00
66,3,03-06-2019,2019-06-03 05:30:00
42,2,04-06-2019,2019-06-04 05:30:00
27,2,05-06-2019,2019-06-05 05:30:00
34,2,06-06-2019,2019-06-06 05:30:00
27,2,07-06-2019,2019-06-07 05:30:00
62,3,08-06-2019,2019-06-08 05:30:00
62,3,09-06-2019,2019-06-09 05:30:00
46,4,10-06-2019,2019-06-10 05:30:00
61,3,11-06-2019,2019-06-11 05:30:00
60,3,12-06-2019,2019-06-12 05:30:00
63,3,13-06-2019,2019-06-13 05:30:00
67,3,14-06-2019,2019-06-14 05:30:00
75,1,15-06-2019,2019-06-15 05:30:00
80,1,16-06-2019,2019-06-16 05:30:00
84,1,17-06-2019,2019-06-17 05:30:00
83,1,18-06-2019,2019-06-18 05:30:00
82,1,19-06-2019,2019-06-19 05:30:00
81,1,20-06-2019,2019-06-20 05:30:00
84,1,21-06-2019,2019-06-21 05:30:00
83,1,22-06-2019,2019-06-22 05:30:00
84,1,23-06-2019,2019-06-23 05:30:00
80,1,24-06-2019,2019-06-24 05:30:00
87,1,25-06-2019,2019-06-25 05:30:00
95,1,26-06-2019,2019-06-26 05:30:00
92,1,27-06-2019,2019-06-27 05:30:00
62,3,28-06-2019,2019-06-28 05:30:00
74,3,29-06-2019,2019-06-29 05:30:00
78,1,30-06-2019,2019-06-30 05:30:00
65,3,01-07-2019,2019-07-01 05:30:00
63,3,02-07-2019,2019-07-02 05:30:00
79,1,03-07-2019,2019-07-03 05:30:00
76,1,04-07-2019,2019-07-04 05:30:00
67,3,05-07-2019,2019-07-05 05:30:00
72,3,06-07-2019,2019-07-06 05:30:00
67,3,07-07-2019,2019-07-07 05:30:00
74,3,08-07-2019,2019-07-08 05:30:00
84,1,09-07-2019,2019-07-09 05:30:00
83,1,10-07-2019,2019-07-10 05:30:00
62,3,11-07-2019,2019-07-11 05:30:00
33,2,12-07-2019,2019-07-12 05:30:00
65,3,13-07-2019,2019-07-13 05:30:00
61,3,14-07-2019,2019-07-14 05:30:00
16,0,15-07-2019,2019-07-15 05:30:00
34,2,16-07-2019,2019-07-16 05:30:00
19,0,17-07-2019,2019-07-17 05:30:00
40,2,18-07-2019,2019-07-18 05:30:00
42,2,19-07-2019,2019-07-19 05:30:00
34,2,20-07-2019,2019-07-20 05:30:00
42,2,21-07-2019,2019-07-21 05:30:00
42,2,22-07-2019,2019-07-22 05:30:00
40,2,23-07-2019,2019-07-23 05:30:00
20,0,24-07-2019,2019-07-24 05:30:00
42,2,25-07-2019,2019-07-25 05:30:00
24,0,26-07-2019,2019-07-26 05:30:00
47,4,27-07-2019,2019-07-27 05:30:00
16,0,28-07-2019,2019-07-28 05:30:00
19,0,29-07-2019,2019-07-29 05:30:00
22,0,30-07-2019,2019-07-30 05:30:00
31,2,31-07-2019,2019-07-31 05:30:00
57,3,01-08-2019,2019-08-01 05:30:00
61,3,02-08-2019,2019-08-02 05:30:00
61,3,03-08-2019,2019-08-03 05:30:00
62,3,04-08-2019,2019-08-04 05:30:00
64,3,05-08-2019,2019-08-05 05:30:00
66,3,06-08-2019,2019-08-06 05:30:00
45,4,07-08-2019,2019-08-07 05:30:00
61,3,08-08-2019,2019-08-08 05:30:00
60,3,09-08-2019,2019-08-09 05:30:00
59,3,10-08-2019,2019-08-10 05:30:00
45,4,11-08-2019,2019-08-11 05:30:00
48,4,12-08-2019,2019-08-12 05:30:00
45,4,13-08-2019,2019-08-13 05:30:00
11,0,14-08-2019,2019-08-14 05:30:00
13,0,15-08-2019,2019-08-15 05:30:00
31,2,16-08-2019,2019-08-16 05:30:00
20,0,17-08-2019,2019-08-17 05:30:00
14,0,18-08-2019,2019-08-18 05:30:00
30,2,19-08-2019,2019-08-19 05:30:00
39,2,20-08-2019,2019-08-20 05:30:00
11,0,21-08-2019,2019-08-21 05:30:00
5,0,22-08-2019,2019-08-22 05:30:00
33,2,23-08-2019,2019-08-23 05:30:00
39,2,24-08-2019,2019-08-24 05:30:00
33,2,25-08-2019,2019-08-25 05:30:00
41,2,26-08-2019,2019-08-26 05:30:00
30,2,27-08-2019,2019-08-27 05:30:00
32,2,28-08-2019,2019-08-28 05:30:00
20,0,29-08-2019,2019-08-29 05:30:00
24,0,30-08-2019,2019-08-30 05:30:00
20,0,31-08-2019,2019-08-31 05:30:00
24,0,01-09-2019,2019-09-01 05:30:00
28,2,02-09-2019,2019-09-02 05:30:00
41,2,03-09-2019,2019-09-03 05:30:00
43,2,04-09-2019,2019-09-04 05:30:00
41,2,05-09-2019,2019-09-05 05:30:00
43,2,06-09-2019,2019-09-06 05:30:00
39,2,07-09-2019,2019-09-07 05:30:00
43,2,08-09-2019,2019-09-08 05:30:00
41,2,09-09-2019,2019-09-09 05:30:00
41,2,10-09-2019,2019-09-10 05:30:00
38,2,11-09-2019,2019-09-11 05:30:00
39,2,12-09-2019,2019-09-12 05:30:00
38,2,13-09-2019,2019-09-13 05:30:00
39,2,14-09-2019,2019-09-14 05:30:00
38,2,15-09-2019,2019-09-15 05:30:00
38,2,16-09-2019,2019-09-16 05:30:00
41,2,17-09-2019,2019-09-17 05:30:00
38,2,18-09-2019,2019-09-18 05:30:00
31,2,19-09-2019,2019-09-19 05:30:00
41,2,20-09-2019,2019-09-20 05:30:00
37,2,21-09-2019,2019-09-21 05:30:00
37,2,22-09-2019,2019-09-22 05:30:00
41,2,23-09-2019,2019-09-23 05:30:00
39,2,24-09-2019,2019-09-24 05:30:00
15,0,25-09-2019,2019-09-25 05:30:00
12,0,26-09-2019,2019-09-26 05:30:00
24,0,27-09-2019,2019-09-27 05:30:00
32,2,28-09-2019,2019-09-28 05:30:00
33,2,29-09-2019,2019-09-29 05:30:00
27,2,30-09-2019,2019-09-30 05:30:00
38,2,01-10-2019,2019-10-01 05:30:00
39,2,02-10-2019,2019-10-02 05:30:00
37,2,03-10-2019,2019-10-03 05:30:00
30,2,04-10-2019,2019-10-04 05:30:00
31,2,05-10-2019,2019-10-05 05:30:00
32,2,06-10-2019,2019-10-06 05:30:00
27,2,07-10-2019,2019-10-07 05:30:00
39,2,08-10-2019,2019-10-08 05:30:00
37,2,09-10-2019,2019-10-09 05:30:00
41,2,10-10-2019,2019-10-10 05:30:00
39,2,11-10-2019,2019-10-11 05:30:00
38,2,12-10-2019,2019-10-12 05:30:00
38,2,13-10-2019,2019-10-13 05:30:00
37,2,14-10-2019,2019-10-14 05:30:00
39,2,15-10-2019,2019-10-15 05:30:00
40,2,16-10-2019,2019-10-16 05:30:00
40,2,17-10-2019,2019-10-17 05:30:00
40,2,18-10-2019,2019-10-18 05:30:00
41,2,19-10-2019,2019-10-19 05:30:00
37,2,20-10-2019,2019-10-20 05:30:00
37,2,21-10-2019,2019-10-21 05:30:00
39,2,22-10-2019,2019-10-22 05:30:00
33,2,23-10-2019,2019-10-23 05:30:00
20,0,24-10-2019,2019-10-24 05:30:00
24,0,25-10-2019,2019-10-25 05:30:00
53,4,26-10-2019,2019-10-26 05:30:00
50,4,27-10-2019,2019-10-27 05:30:00
52,4,28-10-2019,2019-10-28 05:30:00
54,4,29-10-2019,2019-10-29 05:30:00
53,4,30-10-2019,2019-10-30 05:30:00
50,4,31-10-2019,2019-10-31 05:30:00
49,4,01-11-2019,2019-11-01 05:30:00
51,4,02-11-2019,2019-11-02 05:30:00
56,3,03-11-2019,2019-11-03 05:30:00
49,4,04-11-2019,2019-11-04 05:30:00
54,4,05-11-2019,2019-11-05 05:30:00
53,4,06-11-2019,2019-11-06 05:30:00
54,4,07-11-2019,2019-11-07 05:30:00
42,2,08-11-2019,2019-11-08 05:30:00
38,2,09-11-2019,2019-11-09 05:30:00
39,2,10-11-2019,2019-11-10 05:30:00
40,2,11-11-2019,2019-11-11 05:30:00
39,2,12-11-2019,2019-11-12 05:30:00
38,2,13-11-2019,2019-11-13 05:30:00
41,2,14-11-2019,2019-11-14 05:30:00
38,2,15-11-2019,2019-11-15 05:30:00
41,2,16-11-2019,2019-11-16 05:30:00
38,2,17-11-2019,2019-11-17 05:30:00
38,2,18-11-2019,2019-11-18 05:30:00
32,2,19-11-2019,2019-11-19 05:30:00
32,2,20-11-2019,2019-11-20 05:30:00
30,2,21-11-2019,2019-11-21 05:30:00
20,0,22-11-2019,2019-11-22 05:30:00
23,0,23-11-2019,2019-11-23 05:30:00
21,0,24-11-2019,2019-11-24 05:30:00
17,0,25-11-2019,2019-11-25 05:30:00
21,0,26-11-2019,2019-11-26 05:30:00
20,0,27-11-2019,2019-11-27 05:30:00
32,2,28-11-2019,2019-11-28 05:30:00
31,2,29-11-2019,2019-11-29 05:30:00
38,2,30-11-2019,2019-11-30 05:30:00
25,2,01-12-2019,2019-12-01 05:30:00
28,2,02-12-2019,2019-12-02 05:30:00
28,2,03-12-2019,2019-12-03 05:30:00
24,0,04-12-2019,2019-12-04 05:30:00
21,0,05-12-2019,2019-12-05 05:30:00
29,2,06-12-2019,2019-12-06 05:30:00
32,2,07-12-2019,2019-12-07 05:30:00
28,2,08-12-2019,2019-12-08 05:30:00
32,2,09-12-2019,2019-12-09 05:30:00
26,2,10-12-2019,2019-12-10 05:30:00
20,0,11-12-2019,2019-12-11 05:30:00
23,0,12-12-2019,2019-12-12 05:30:00
22,0,13-12-2019,2019-12-13 05:30:00
27,2,14-12-2019,2019-12-14 05:30:00
21,0,15-12-2019,2019-12-15 05:30:00
24,0,16-12-2019,2019-12-16 05:30:00
23,0,17-12-2019,2019-12-17 05:30:00
15,0,18-12-2019,2019-12-18 05:30:00
21,0,19-12-2019,2019-12-19 05:30:00
23,0,20-12-2019,2019-12-20 05:30:00
23,0,21-12-2019,2019-12-21 05:30:00
20,0,22-12-2019,2019-12-22 05:30:00
33,2,23-12-2019,2019-12-23 05:30:00
25,2,24-12-2019,2019-12-24 05:30:00
22,0,25-12-2019,2019-12-25 05:30:00
39,2,26-12-2019,2019-12-26 05:30:00
38,2,27-12-2019,2019-12-27 05:30:00
37,2,28-12-2019,2019-12-28 05:30:00
37,2,29-12-2019,2019-12-29 05:30:00
40,2,30-12-2019,2019-12-30 05:30:00
38,2,31-12-2019,2019-12-31 05:30:00
37,2,01-01-2020,2020-01-01 05:30:00
39,2,02-01-2020,2020-01-02 05:30:00
38,2,03-01-2020,2020-01-03 05:30:00
38,2,04-01-2020,2020-01-04 05:30:00
39,2,05-01-2020,2020-01-05 05:30:00
41,2,06-01-2020,2020-01-06 05:30:00
40,2,07-01-2020,2020-01-07 05:30:00
51,4,08-01-2020,2020-01-08 05:30:00
44,2,09-01-2020,2020-01-09 05:30:00
41,2,10-01-2020,2020-01-10 05:30:00
50,4,11-01-2020,2020-01-11 05:30:00
45,4,12-01-2020,2020-01-12 05:30:00
49,4,13-01-2020,2020-01-13 05:30:00
56,3,14-01-2020,2020-01-14 05:30:00
54,4,15-01-2020,2020-01-15 05:30:00
55,3,16-01-2020,2020-01-16 05:30:00
54,4,17-01-2020,2020-01-17 05:30:00
51,4,18-01-2020,2020-01-18 05:30:00
53,4,19-01-2020,2020-01-19 05:30:00
48,4,20-01-2020,2020-01-20 05:30:00
49,4,21-01-2020,2020-01-21 05:30:00
52,4,22-01-2020,2020-01-22 05:30:00
49,4,23-01-2020,2020-01-23 05:30:00
40,2,24-01-2020,2020-01-24 05:30:00
41,2,25-01-2020,2020-01-25 05:30:00
42,2,26-01-2020,2020-01-26 05:30:00
50,4,27-01-2020,2020-01-27 05:30:00
54,4,28-01-2020,2020-01-28 05:30:00
57,3,29-01-2020,2020-01-29 05:30:00
57,3,30-01-2020,2020-01-30 05:30:00
55,3,31-01-2020,2020-01-31 05:30:00
57,3,01-02-2020,2020-02-01 05:30:00
57,3,02-02-2020,2020-02-02 05:30:00
59,3,03-02-2020,2020-02-03 05:30:00
56,3,04-02-2020,2020-02-04 05:30:00
53,4,05-02-2020,2020-02-05 05:30:00
61,3,06-02-2020,2020-02-06 05:30:00
56,3,07-02-2020,2020-02-07 05:30:00
56,3,08-02-2020,2020-02-08 05:30:00
56,3,09-02-2020,2020-02-09 05:30:00
57,3,10-02-2020,2020-02-10 05:30:00
52,4,11-02-2020,2020-02-11 05:30:00
61,3,12-02-2020,2020-02-12 05:30:00
65,3,13-02-2020,2020-02-13 05:30:00
63,3,14-02-2020,2020-02-14 05:30:00
64,3,15-02-2020,2020-02-15 05:30:00
59,3,16-02-2020,2020-02-16 05:30:00
49,4,17-02-2020,2020-02-17 05:30:00
53,4,18-02-2020,2020-02-18 05:30:00
50,4,19-02-2020,2020-02-19 05:30:00
44,2,20-02-2020,2020-02-20 05:30:00
44,2,21-02-2020,2020-02-21 05:30:00
43,2,22-02-2020,2020-02-22 05:30:00
46,4,23-02-2020,2020-02-23 05:30:00
46,4,24-02-2020,2020-02-24 05:30:00
44,2,25-02-2020,2020-02-25 05:30:00
41,2,26-02-2020,2020-02-26 05:30:00
39,2,27-02-2020,2020-02-27 05:30:00
40,2,28-02-2020,2020-02-28 05:30:00
38,2,29-02-2020,2020-02-29 05:30:00
39,2,01-03-2020,2020-03-01 05:30:00
38,2,02-03-2020,2020-03-02 05:30:00
38,2,03-03-2020,2020-03-03 05:30:00
40,2,04-03-2020,2020-03-04 05:30:00
41,2,05-03-2020,2020-03-05 05:30:00
39,2,06-03-2020,2020-03-06 05:30:00
38,2,07-03-2020,2020-03-07 05:30:00
33,2,08-03-2020,2020-03-08 05:30:00
17,0,09-03-2020,2020-03-09 05:30:00
16,0,10-03-2020,2020-03-10 05:30:00
17,0,11-03-2020,2020-03-11 05:30:00
14,0,12-03-2020,2020-03-12 05:30:00
10,0,13-03-2020,2020-03-13 05:30:00
8,0,14-03-2020,2020-03-14 05:30:00
12,0,15-03-2020,2020-03-15 05:30:00
9,0,16-03-2020,2020-03-16 05:30:00
8,0,17-03-2020,2020-03-17 05:30:00
11,0,18-03-2020,2020-03-18 05:30:00
12,0,19-03-2020,2020-03-19 05:30:00
9,0,20-03-2020,2020-03-20 05:30:00
9,0,21-03-2020,2020-03-21 05:30:00
11,0,22-03-2020,2020-03-22 05:30:00
10,0,23-03-2020,2020-03-23 05:30:00
12,0,24-03-2020,2020-03-24 05:30:00
13,0,25-03-2020,2020-03-25 05:30:00
14,0,26-03-2020,2020-03-26 05:30:00
12,0,27-03-2020,2020-03-27 05:30:00
8,0,28-03-2020,2020-03-28 05:30:00
12,0,29-03-2020,2020-03-29 05:30:00
10,0,30-03-2020,2020-03-30 05:30:00
12,0,31-03-2020,2020-03-31 05:30:00
12,0,01-04-2020,2020-04-01 05:30:00
14,0,02-04-2020,2020-04-02 05:30:00
14,0,03-04-2020,2020-04-03 05:30:00
12,0,04-04-2020,2020-04-04 05:30:00
12,0,05-04-2020,2020-04-05 05:30:00
12,0,06-04-2020,2020-04-06 05:30:00
20,0,07-04-2020,2020-04-07 05:30:00
21,0,08-04-2020,2020-04-08 05:30:00
22,0,09-04-2020,2020-04-09 05:30:00
15,0,10-04-2020,2020-04-10 05:30:00
15,0,11-04-2020,2020-04-11 05:30:00
10,0,12-04-2020,2020-04-12 05:30:00
11,0,13-04-2020,2020-04-13 05:30:00
15,0,14-04-2020,2020-04-14 05:30:00
18,0,15-04-2020,2020-04-15 05:30:00
13,0,16-04-2020,2020-04-16 05:30:00
15,0,17-04-2020,2020-04-17 05:30:00
18,0,18-04-2020,2020-04-18 05:30:00
16,0,19-04-2020,2020-04-19 05:30:00
15,0,20-04-2020,2020-04-20 05:30:00
17,0,21-04-2020,2020-04-21 05:30:00
19,0,22-04-2020,2020-04-22 05:30:00
19,0,23-04-2020,2020-04-23 05:30:00
20,0,24-04-2020,2020-04-24 05:30:00
24,0,25-04-2020,2020-04-25 05:30:00
21,0,26-04-2020,2020-04-26 05:30:00
28,2,27-04-2020,2020-04-27 05:30:00
26,2,28-04-2020,2020-04-28 05:30:00
26,2,29-04-2020,2020-04-29 05:30:00
44,2,30-04-2020,2020-04-30 05:30:00
40,2,01-05-2020,2020-05-01 05:30:00
40,2,02-05-2020,2020-05-02 05:30:00
45,4,03-05-2020,2020-05-03 05:30:00
44,2,04-05-2020,2020-05-04 05:30:00
40,2,05-05-2020,2020-05-05 05:30:00
42,2,06-05-2020,2020-05-06 05:30:00
49,4,07-05-2020,2020-05-07 05:30:00
55,3,08-05-2020,2020-05-08 05:30:00
56,3,09-05-2020,2020-05-09 05:30:00
48,4,10-05-2020,2020-05-10 05:30:00
40,2,11-05-2020,2020-05-11 05:30:00
39,2,12-05-2020,2020-05-12 05:30:00
41,2,13-05-2020,2020-05-13 05:30:00
40,2,14-05-2020,2020-05-14 05:30:00
44,2,15-05-2020,2020-05-15 05:30:00
41,2,16-05-2020,2020-05-16 05:30:00
40,2,17-05-2020,2020-05-17 05:30:00
50,4,18-05-2020,2020-05-18 05:30:00
50,4,19-05-2020,2020-05-19 05:30:00
52,4,20-05-2020,2020-05-20 05:30:00
49,4,21-05-2020,2020-05-21 05:30:00
42,2,22-05-2020,2020-05-22 05:30:00
40,2,23-05-2020,2020-05-23 05:30:00
43,2,24-05-2020,2020-05-24 05:30:00
41,2,25-05-2020,2020-05-25 05:30:00
39,2,26-05-2020,2020-05-26 05:30:00
39,2,27-05-2020,2020-05-27 05:30:00
41,2,28-05-2020,2020-05-28 05:30:00
48,4,29-05-2020,2020-05-29 05:30:00
48,4,30-05-2020,2020-05-30 05:30:00
51,4,31-05-2020,2020-05-31 05:30:00
50,4,01-06-2020,2020-06-01 05:30:00
56,3,02-06-2020,2020-06-02 05:30:00
48,4,03-06-2020,2020-06-03 05:30:00
54,4,04-06-2020,2020-06-04 05:30:00
53,4,05-06-2020,2020-06-05 05:30:00
54,4,06-06-2020,2020-06-06 05:30:00
54,4,07-06-2020,2020-06-07 05:30:00
53,4,08-06-2020,2020-06-08 05:30:00
52,4,09-06-2020,2020-06-09 05:30:00
54,4,10-06-2020,2020-06-10 05:30:00
52,4,11-06-2020,2020-06-11 05:30:00
38,2,12-06-2020,2020-06-12 05:30:00
38,2,13-06-2020,2020-06-13 05:30:00
40,2,14-06-2020,2020-06-14 05:30:00
37,2,15-06-2020,2020-06-15 05:30:00
39,2,16-06-2020,2020-06-16 05:30:00
38,2,17-06-2020,2020-06-17 05:30:00
40,2,18-06-2020,2020-06-18 05:30:00
39,2,19-06-2020,2020-06-19 05:30:00
38,2,20-06-2020,2020-06-20 05:30:00
37,2,21-06-2020,2020-06-21 05:30:00
38,2,22-06-2020,2020-06-22 05:30:00
41,2,23-06-2020,2020-06-23 05:30:00
50,4,24-06-2020,2020-06-24 05:30:00
43,2,25-06-2020,2020-06-25 05:30:00
40,2,26-06-2020,2020-06-26 05:30:00
43,2,27-06-2020,2020-06-27 05:30:00
40,2,28-06-2020,2020-06-28 05:30:00
41,2,29-06-2020,2020-06-29 05:30:00
44,2,30-06-2020,2020-06-30 05:30:00
42,2,01-07-2020,2020-07-01 05:30:00
42,2,02-07-2020,2020-07-02 05:30:00
41,2,03-07-2020,2020-07-03 05:30:00
40,2,04-07-2020,2020-07-04 05:30:00
38,2,05-07-2020,2020-07-05 05:30:00
40,2,06-07-2020,2020-07-06 05:30:00
43,2,07-07-2020,2020-07-07 05:30:00
44,2,08-07-2020,2020-07-08 05:30:00
44,2,09-07-2020,2020-07-09 05:30:00
41,2,10-07-2020,2020-07-10 05:30:00
44,2,11-07-2020,2020-07-11 05:30:00
41,2,12-07-2020,2020-07-12 05:30:00
43,2,13-07-2020,2020-07-13 05:30:00
43,2,14-07-2020,2020-07-14 05:30:00
44,2,15-07-2020,2020-07-15 05:30:00
43,2,16-07-2020,2020-07-16 05:30:00
41,2,17-07-2020,2020-07-17 05:30:00
44,2,18-07-2020,2020-07-18 05:30:00
41,2,19-07-2020,2020-07-19 05:30:00
44,2,20-07-2020,2020-07-20 05:30:00
44,2,21-07-2020,2020-07-21 05:30:00
50,4,22-07-2020,2020-07-22 05:30:00
55,3,23-07-2020,2020-07-23 05:30:00
53,4,24-07-2020,2020-07-24 05:30:00
55,3,25-07-2020,2020-07-25 05:30:00
55,3,26-07-2020,2020-07-26 05:30:00
58,3,27-07-2020,2020-07-27 05:30:00
76,1,28-07-2020,2020-07-28 05:30:00
71,3,29-07-2020,2020-07-29 05:30:00
76,1,30-07-2020,2020-07-30 05:30:00
75,1,31-07-2020,2020-07-31 05:30:00
75,1,01-08-2020,2020-08-01 05:30:00
80,1,02-08-2020,2020-08-02 05:30:00
75,1,03-08-2020,2020-08-03 05:30:00
72,3,04-08-2020,2020-08-04 05:30:00
75,1,05-08-2020,2020-08-05 05:30:00
79,1,06-08-2020,2020-08-06 05:30:00
77,1,07-08-2020,2020-08-07 05:30:00
77,1,08-08-2020,2020-08-08 05:30:00
79,1,09-08-2020,2020-08-09 05:30:00
78,1,10-08-2020,2020-08-10 05:30:00
84,1,11-08-2020,2020-08-11 05:30:00
75,1,12-08-2020,2020-08-12 05:30:00
75,1,13-08-2020,2020-08-13 05:30:00
78,1,14-08-2020,2020-08-14 05:30:00
79,1,15-08-2020,2020-08-15 05:30:00
82,1,16-08-2020,2020-08-16 05:30:00
83,1,17-08-2020,2020-08-17 05:30:00
82,1,18-08-2020,2020-08-18 05:30:00
80,1,19-08-2020,2020-08-19 05:30:00
75,1,20-08-2020,2020-08-20 05:30:00
81,1,21-08-2020,2020-08-21 05:30:00
78,1,22-08-2020,2020-08-22 05:30:00
76,1,23-08-2020,2020-08-23 05:30:00
78,1,24-08-2020,2020-08-24 05:30:00
75,1,25-08-2020,2020-08-25 05:30:00
76,1,26-08-2020,2020-08-26 05:30:00
75,1,27-08-2020,2020-08-27 05:30:00
74,3,28-08-2020,2020-08-28 05:30:00
79,1,29-08-2020,2020-08-29 05:30:00
75,1,30-08-2020,2020-08-30 05:30:00
75,1,31-08-2020,2020-08-31 05:30:00
75,1,01-09-2020,2020-09-01 05:30:00
83,1,02-09-2020,2020-09-02 05:30:00
79,1,03-09-2020,2020-09-03 05:30:00
40,2,04-09-2020,2020-09-04 05:30:00
41,2,05-09-2020,2020-09-05 05:30:00
41,2,06-09-2020,2020-09-06 05:30:00
41,2,07-09-2020,2020-09-07 05:30:00
41,2,08-09-2020,2020-09-08 05:30:00
38,2,09-09-2020,2020-09-09 05:30:00
38,2,10-09-2020,2020-09-10 05:30:00
41,2,11-09-2020,2020-09-11 05:30:00
41,2,12-09-2020,2020-09-12 05:30:00
38,2,13-09-2020,2020-09-13 05:30:00
39,2,14-09-2020,2020-09-14 05:30:00
47,4,15-09-2020,2020-09-15 05:30:00
43,2,16-09-2020,2020-09-16 05:30:00
48,4,17-09-2020,2020-09-17 05:30:00
49,4,18-09-2020,2020-09-18 05:30:00
48,4,19-09-2020,2020-09-19 05:30:00
52,4,20-09-2020,2020-09-20 05:30:00
48,4,21-09-2020,2020-09-21 05:30:00
39,2,22-09-2020,2020-09-22 05:30:00
43,2,23-09-2020,2020-09-23 05:30:00
39,2,24-09-2020,2020-09-24 05:30:00
46,4,25-09-2020,2020-09-25 05:30:00
45,4,26-09-2020,2020-09-26 05:30:00
47,4,27-09-2020,2020-09-27 05:30:00
43,2,28-09-2020,2020-09-28 05:30:00
45,4,29-09-2020,2020-09-29 05:30:00
49,4,30-09-2020,2020-09-30 05:30:00
45,4,01-10-2020,2020-10-01 05:30:00
41,2,02-10-2020,2020-10-02 05:30:00
40,2,03-10-2020,2020-10-03 05:30:00
42,2,04-10-2020,2020-10-04 05:30:00
42,2,05-10-2020,2020-10-05 05:30:00
47,4,06-10-2020,2020-10-06 05:30:00
43,2,07-10-2020,2020-10-07 05:30:00
46,4,08-10-2020,2020-10-08 05:30:00
48,4,09-10-2020,2020-10-09 05:30:00
53,4,10-10-2020,2020-10-10 05:30:00
55,3,11-10-2020,2020-10-11 05:30:00
52,4,12-10-2020,2020-10-12 05:30:00
56,3,13-10-2020,2020-10-13 05:30:00
53,4,14-10-2020,2020-10-14 05:30:00
56,3,15-10-2020,2020-10-15 05:30:00
52,4,16-10-2020,2020-10-16 05:30:00
56,3,17-10-2020,2020-10-17 05:30:00
55,3,18-10-2020,2020-10-18 05:30:00
55,3,19-10-2020,2020-10-19 05:30:00
56,3,20-10-2020,2020-10-20 05:30:00
61,3,21-10-2020,2020-10-21 05:30:00
73,3,22-10-2020,2020-10-22 05:30:00
74,3,23-10-2020,2020-10-23 05:30:00
73,3,24-10-2020,2020-10-24 05:30:00
76,1,25-10-2020,2020-10-25 05:30:00
75,1,26-10-2020,2020-10-26 05:30:00
61,3,27-10-2020,2020-10-27 05:30:00
70,3,28-10-2020,2020-10-28 05:30:00
67,3,29-10-2020,2020-10-29 05:30:00
74,3,30-10-2020,2020-10-30 05:30:00
73,3,31-10-2020,2020-10-31 05:30:00
72,3,01-11-2020,2020-11-01 05:30:00
71,3,02-11-2020,2020-11-02 05:30:00
71,3,03-11-2020,2020-11-03 05:30:00
74,3,04-11-2020,2020-11-04 05:30:00
72,3,05-11-2020,2020-11-05 05:30:00
90,1,06-11-2020,2020-11-06 05:30:00
88,1,07-11-2020,2020-11-07 05:30:00
82,1,08-11-2020,2020-11-08 05:30:00
90,1,09-11-2020,2020-11-09 05:30:00
90,1,10-11-2020,2020-11-10 05:30:00
86,1,11-11-2020,2020-11-11 05:30:00
87,1,12-11-2020,2020-11-12 05:30:00
89,1,13-11-2020,2020-11-13 05:30:00
90,1,14-11-2020,2020-11-14 05:30:00
86,1,15-11-2020,2020-11-15 05:30:00
90,1,16-11-2020,2020-11-16 05:30:00
86,1,17-11-2020,2020-11-17 05:30:00
91,1,18-11-2020,2020-11-18 05:30:00
94,1,19-11-2020,2020-11-19 05:30:00
86,1,20-11-2020,2020-11-20 05:30:00
91,1,21-11-2020,2020-11-21 05:30:00
94,1,22-11-2020,2020-11-22 05:30:00
90,1,23-11-2020,2020-11-23 05:30:00
88,1,24-11-2020,2020-11-24 05:30:00
94,1,25-11-2020,2020-11-25 05:30:00
93,1,26-11-2020,2020-11-26 05:30:00
86,1,27-11-2020,2020-11-27 05:30:00
87,1,28-11-2020,2020-11-28 05:30:00
89,1,29-11-2020,2020-11-29 05:30:00
88,1,30-11-2020,2020-11-30 05:30:00
95,1,01-12-2020,2020-12-01 05:30:00
92,1,02-12-2020,2020-12-02 05:30:00
92,1,03-12-2020,2020-12-03 05:30:00
92,1,04-12-2020,2020-12-04 05:30:00
93,1,05-12-2020,2020-12-05 05:30:00
95,1,06-12-2020,2020-12-06 05:30:00
94,1,07-12-2020,2020-12-07 05:30:00
95,1,08-12-2020,2020-12-08 05:30:00
86,1,09-12-2020,2020-12-09 05:30:00
94,1,10-12-2020,2020-12-10 05:30:00
89,1,11-12-2020,2020-12-11 05:30:00
90,1,12-12-2020,2020-12-12 05:30:00
91,1,13-12-2020,2020-12-13 05:30:00
95,1,14-12-2020,2020-12-14 05:30:00
91,1,15-12-2020,2020-12-15 05:30:00
92,1,16-12-2020,2020-12-16 05:30:00
92,1,17-12-2020,2020-12-17 05:30:00
95,1,18-12-2020,2020-12-18 05:30:00
93,1,19-12-2020,2020-12-19 05:30:00
92,1,20-12-2020,2020-12-20 05:30:00
92,1,21-12-2020,2020-12-21 05:30:00
88,1,22-12-2020,2020-12-22 05:30:00
93,1,23-12-2020,2020-12-23 05:30:00
86,1,24-12-2020,2020-12-24 05:30:00
94,1,25-12-2020,2020-12-25 05:30:00
93,1,26-12-2020,2020-12-26 05:30:00
91,1,27-12-2020,2020-12-27 05:30:00
92,1,28-12-2020,2020-12-28 05:30:00
91,1,29-12-2020,2020-12-29 05:30:00
91,1,30-12-2020,2020-12-30 05:30:00
95,1,31-12-2020,2020-12-31 05:30:00
94,1,01-01-2021,2021-01-01 05:30:00
94,1,02-01-2021,2021-01-02 05:30:00
93,1,03-01-2021,2021-01-03 05:30:00
94,1,04-01-2021,2021-01-04 05:30:00
93,1,05-01-2021,2021-01-05 05:30:00
95,1,06-01-2021,2021-01-06 05:30:00
91,1,07-01-2021,2021-01-07 05:30:00
93,1,08-01-2021,2021-01-08 05:30:00
93,1,09-01-2021,2021-01-09 05:30:00
94,1,10-01-2021,2021-01-10 05:30:00
90,1,11-01-2021,2021-01-11 05:30:00
84,1,12-01-2021,2021-01-12 05:30:00
78,1,13-01-2021,2021-01-13 05:30:00
83,1,14-01-2021,2021-01-14 05:30:00
88,1,15-01-2021,2021-01-15 05:30:00
84,1,16-01-2021,2021-01-16 05:30:00
79,1,17-01-2021,2021-01-17 05:30:00
79,1,18-01-2021,2021-01-18 05:30:00
80,1,19-01-2021,2021-01-19 05:30:00
78,1,20-01-2021,2021-01-20 05:30:00
75,1,21-01-2021,2021-01-21 05:30:00
40,2,22-01-2021,2021-01-22 05:30:00
74,3,23-01-2021,2021-01-23 05:30:00
70,3,24-01-2021,2021-01-24 05:30:00
74,3,25-01-2021,2021-01-25 05:30:00
71,3,26-01-2021,2021-01-26 05:30:00
78,1,27-01-2021,2021-01-27 05:30:00
55,3,28-01-2021,2021-01-28 05:30:00
77,1,29-01-2021,2021-01-29 05:30:00
76,1,30-01-2021,2021-01-30 05:30:00
78,1,31-01-2021,2021-01-31 05:30:00
77,1,01-02-2021,2021-02-01 05:30:00
76,1,02-02-2021,2021-02-02 05:30:00
78,1,03-02-2021,2021-02-03 05:30:00
80,1,04-02-2021,2021-02-04 05:30:00
81,1,05-02-2021,2021-02-05 05:30:00
84,1,06-02-2021,2021-02-06 05:30:00
86,1,07-02-2021,2021-02-07 05:30:00
83,1,08-02-2021,2021-02-08 05:30:00
95,1,09-02-2021,2021-02-09 05:30:00
92,1,10-02-2021,2021-02-10 05:30:00
93,1,11-02-2021,2021-02-11 05:30:00
92,1,12-02-2021,2021-02-12 05:30:00
92,1,13-02-2021,2021-02-13 05:30:00
95,1,14-02-2021,2021-02-14 05:30:00
93,1,15-02-2021,2021-02-15 05:30:00
95,1,16-02-2021,2021-02-16 05:30:00
95,1,17-02-2021,2021-02-17 05:30:00
91,1,18-02-2021,2021-02-18 05:30:00
93,1,19-02-2021,2021-02-19 05:30:00
91,1,20-02-2021,2021-02-20 05:30:00
91,1,21-02-2021,2021-02-21 05:30:00
94,1,22-02-2021,2021-02-22 05:30:00
94,1,23-02-2021,2021-02-23 05:30:00
76,1,24-02-2021,2021-02-24 05:30:00
79,1,25-02-2021,2021-02-25 05:30:00
55,3,26-02-2021,2021-02-26 05:30:00
56,3,27-02-2021,2021-02-27 05:30:00
55,3,28-02-2021,2021-02-28 05:30:00
38,2,01-03-2021,2021-03-01 05:30:00
78,1,02-03-2021,2021-03-02 05:30:00
78,1,03-03-2021,2021-03-03 05:30:00
84,1,04-03-2021,2021-03-04 05:30:00
77,1,05-03-2021,2021-03-05 05:30:00
77,1,06-03-2021,2021-03-06 05:30:00
76,1,07-03-2021,2021-03-07 05:30:00
81,1,08-03-2021,2021-03-08 05:30:00
81,1,09-03-2021,2021-03-09 05:30:00
68,3,10-03-2021,2021-03-10 05:30:00
73,3,11-03-2021,2021-03-11 05:30:00
70,3,12-03-2021,2021-03-12 05:30:00
74,3,13-03-2021,2021-03-13 05:30:00
78,1,14-03-2021,2021-03-14 05:30:00
76,1,15-03-2021,2021-03-15 05:30:00
71,3,16-03-2021,2021-03-16 05:30:00
71,3,17-03-2021,2021-03-17 05:30:00
72,3,18-03-2021,2021-03-18 05:30:00
71,3,19-03-2021,2021-03-19 05:30:00
75,1,20-03-2021,2021-03-20 05:30:00
73,3,21-03-2021,2021-03-21 05:30:00
70,3,22-03-2021,2021-03-22 05:30:00
66,3,23-03-2021,2021-03-23 05:30:00
65,3,24-03-2021,2021-03-24 05:30:00
60,3,25-03-2021,2021-03-25 05:30:00
54,4,26-03-2021,2021-03-26 05:30:00
65,3,27-03-2021,2021-03-27 05:30:00
74,3,28-03-2021,2021-03-28 05:30:00
72,3,29-03-2021,2021-03-29 05:30:00
72,3,30-03-2021,2021-03-30 05:30:00
76,1,31-03-2021,2021-03-31 05:30:00
74,3,01-04-2021,2021-04-01 05:30:00
74,3,02-04-2021,2021-04-02 05:30:00
73,3,03-04-2021,2021-04-03 05:30:00
74,3,04-04-2021,2021-04-04 05:30:00
71,3,05-04-2021,2021-04-05 05:30:00
75,1,06-04-2021,2021-04-06 05:30:00
72,3,07-04-2021,2021-04-07 05:30:00
73,3,08-04-2021,2021-04-08 05:30:00
70,3,09-04-2021,2021-04-09 05:30:00
70,3,10-04-2021,2021-04-10 05:30:00
76,1,11-04-2021,2021-04-11 05:30:00
74,3,12-04-2021,2021-04-12 05:30:00
74,3,13-04-2021,2021-04-13 05:30:00
75,1,14-04-2021,2021-04-14 05:30:00
79,1,15-04-2021,2021-04-15 05:30:00
78,1,16-04-2021,2021-04-16 05:30:00
76,1,17-04-2021,2021-04-17 05:30:00
79,1,18-04-2021,2021-04-18 05:30:00
74,3,19-04-2021,2021-04-19 05:30:00
73,3,20-04-2021,2021-04-20 05:30:00
73,3,21-04-2021,2021-04-21 05:30:00
65,3,22-04-2021,2021-04-22 05:30:00
55,3,23-04-2021,2021-04-23 05:30:00
37,2,24-04-2021,2021-04-24 05:30:00
31,2,25-04-2021,2021-04-25 05:30:00
27,2,26-04-2021,2021-04-26 05:30:00
50,4,27-04-2021,2021-04-27 05:30:00
59,3,28-04-2021,2021-04-28 05:30:00
52,4,29-04-2021,2021-04-29 05:30:00
51,4,30-04-2021,2021-04-30 05:30:00
68,3,01-05-2021,2021-05-01 05:30:00
66,3,02-05-2021,2021-05-02 05:30:00
61,3,03-05-2021,2021-05-03 05:30:00
68,3,04-05-2021,2021-05-04 05:30:00
48,4,05-05-2021,2021-05-05 05:30:00
65,3,06-05-2021,2021-05-06 05:30:00
64,3,07-05-2021,2021-05-07 05:30:00
67,3,08-05-2021,2021-05-08 05:30:00
73,3,09-05-2021,2021-05-09 05:30:00
72,3,10-05-2021,2021-05-10 05:30:00
61,3,11-05-2021,2021-05-11 05:30:00
68,3,12-05-2021,2021-05-12 05:30:00
31,2,13-05-2021,2021-05-13 05:30:00
26,2,14-05-2021,2021-05-14 05:30:00
27,2,15-05-2021,2021-05-15 05:30:00
20,0,16-05-2021,2021-05-16 05:30:00
27,2,17-05-2021,2021-05-17 05:30:00
21,0,18-05-2021,2021-05-18 05:30:00
23,0,19-05-2021,2021-05-19 05:30:00
11,0,20-05-2021,2021-05-20 05:30:00
19,0,21-05-2021,2021-05-21 05:30:00
12,0,22-05-2021,2021-05-22 05:30:00
14,0,23-05-2021,2021-05-23 05:30:00
10,0,24-05-2021,2021-05-24 05:30:00
22,0,25-05-2021,2021-05-25 05:30:00
22,0,26-05-2021,2021-05-26 05:30:00
27,2,27-05-2021,2021-05-27 05:30:00
21,0,28-05-2021,2021-05-28 05:30:00
18,0,29-05-2021,2021-05-29 05:30:00
10,0,30-05-2021,2021-05-30 05:30:00
18,0,31-05-2021,2021-05-31 05:30:00
20,0,01-06-2021,2021-06-01 05:30:00
23,0,02-06-2021,2021-06-02 05:30:00
24,0,03-06-2021,2021-06-03 05:30:00
27,2,04-06-2021,2021-06-04 05:30:00
24,0,05-06-2021,2021-06-05 05:30:00
17,0,06-06-2021,2021-06-06 05:30:00
15,0,07-06-2021,2021-06-07 05:30:00
13,0,08-06-2021,2021-06-08 05:30:00
14,0,09-06-2021,2021-06-09 05:30:00
21,0,10-06-2021,2021-06-10 05:30:00
21,0,11-06-2021,2021-06-11 05:30:00
28,2,12-06-2021,2021-06-12 05:30:00
23,0,13-06-2021,2021-06-13 05:30:00
28,2,14-06-2021,2021-06-14 05:30:00
38,2,15-06-2021,2021-06-15 05:30:00
33,2,16-06-2021,2021-06-16 05:30:00
26,2,17-06-2021,2021-06-17 05:30:00
25,2,18-06-2021,2021-06-18 05:30:00
23,0,19-06-2021,2021-06-19 05:30:00
21,0,20-06-2021,2021-06-20 05:30:00
23,0,21-06-2021,2021-06-21 05:30:00
10,0,22-06-2021,2021-06-22 05:30:00
14,0,23-06-2021,2021-06-23 05:30:00
22,0,24-06-2021,2021-06-24 05:30:00
27,2,25-06-2021,2021-06-25 05:30:00
20,0,26-06-2021,2021-06-26 05:30:00
22,0,27-06-2021,2021-06-27 05:30:00
25,2,28-06-2021,2021-06-28 05:30:00
25,2,29-06-2021,2021-06-29 05:30:00
28,2,30-06-2021,2021-06-30 05:30:00
28,2,01-07-2021,2021-07-01 05:30:00
21,0,02-07-2021,2021-07-02 05:30:00
24,0,03-07-2021,2021-07-03 05:30:00
27,2,04-07-2021,2021-07-04 05:30:00
29,2,05-07-2021,2021-07-05 05:30:00
20,0,06-07-2021,2021-07-06 05:30:00
28,2,07-07-2021,2021-07-07 05:30:00
20,0,08-07-2021,2021-07-08 05:30:00
20,0,09-07-2021,2021-07-09 05:30:00
20,0,10-07-2021,2021-07-10 05:30:00
20,0,11-07-2021,2021-07-11 05:30:00
25,2,12-07-2021,2021-07-12 05:30:00
20,0,13-07-2021,2021-07-13 05:30:00
21,0,14-07-2021,2021-07-14 05:30:00
20,0,15-07-2021,2021-07-15 05:30:00
22,0,16-07-2021,2021-07-16 05:30:00
15,0,17-07-2021,2021-07-17 05:30:00
19,0,18-07-2021,2021-07-18 05:30:00
24,0,19-07-2021,2021-07-19 05:30:00
19,0,20-07-2021,2021-07-20 05:30:00
10,0,21-07-2021,2021-07-21 05:30:00
21,0,22-07-2021,2021-07-22 05:30:00
23,0,23-07-2021,2021-07-23 05:30:00
22,0,24-07-2021,2021-07-24 05:30:00
27,2,25-07-2021,2021-07-25 05:30:00
26,2,26-07-2021,2021-07-26 05:30:00
32,2,27-07-2021,2021-07-27 05:30:00
50,4,28-07-2021,2021-07-28 05:30:00
50,4,29-07-2021,2021-07-29 05:30:00
53,4,30-07-2021,2021-07-30 05:30:00
60,3,31-07-2021,2021-07-31 05:30:00
60,3,01-08-2021,2021-08-01 05:30:00
48,4,02-08-2021,2021-08-02 05:30:00
48,4,03-08-2021,2021-08-03 05:30:00
42,2,04-08-2021,2021-08-04 05:30:00
50,4,05-08-2021,2021-08-05 05:30:00
52,4,06-08-2021,2021-08-06 05:30:00
69,3,07-08-2021,2021-08-07 05:30:00
74,3,08-08-2021,2021-08-08 05:30:00
65,3,09-08-2021,2021-08-09 05:30:00
71,3,10-08-2021,2021-08-10 05:30:00
70,3,11-08-2021,2021-08-11 05:30:00
70,3,12-08-2021,2021-08-12 05:30:00
70,3,13-08-2021,2021-08-13 05:30:00
76,1,14-08-2021,2021-08-14 05:30:00
71,3,15-08-2021,2021-08-15 05:30:00
72,3,16-08-2021,2021-08-16 05:30:00
72,3,17-08-2021,2021-08-17 05:30:00
73,3,18-08-2021,2021-08-18 05:30:00
70,3,19-08-2021,2021-08-19 05:30:00
70,3,20-08-2021,2021-08-20 05:30:00
78,1,21-08-2021,2021-08-21 05:30:00
76,1,22-08-2021,2021-08-22 05:30:00
79,1,23-08-2021,2021-08-23 05:30:00
79,1,24-08-2021,2021-08-24 05:30:00
73,3,25-08-2021,2021-08-25 05:30:00
75,1,26-08-2021,2021-08-26 05:30:00
71,3,27-08-2021,2021-08-27 05:30:00
78,1,28-08-2021,2021-08-28 05:30:00
72,3,29-08-2021,2021-08-29 05:30:00
73,3,30-08-2021,2021-08-30 05:30:00
73,3,31-08-2021,2021-08-31 05:30:00
71,3,01-09-2021,2021-09-01 05:30:00
74,3,02-09-2021,2021-09-02 05:30:00
74,3,03-09-2021,2021-09-03 05:30:00
72,3,04-09-2021,2021-09-04 05:30:00
73,3,05-09-2021,2021-09-05 05:30:00
79,1,06-09-2021,2021-09-06 05:30:00
79,1,07-09-2021,2021-09-07 05:30:00
47,4,08-09-2021,2021-09-08 05:30:00
45,4,09-09-2021,2021-09-09 05:30:00
46,4,10-09-2021,2021-09-10 05:30:00
31,2,11-09-2021,2021-09-11 05:30:00
32,2,12-09-2021,2021-09-12 05:30:00
44,2,13-09-2021,2021-09-13 05:30:00
30,2,14-09-2021,2021-09-14 05:30:00
49,4,15-09-2021,2021-09-15 05:30:00
53,4,16-09-2021,2021-09-16 05:30:00
48,4,17-09-2021,2021-09-17 05:30:00
50,4,18-09-2021,2021-09-18 05:30:00
53,4,19-09-2021,2021-09-19 05:30:00
50,4,20-09-2021,2021-09-20 05:30:00
27,2,21-09-2021,2021-09-21 05:30:00
21,0,22-09-2021,2021-09-22 05:30:00
27,2,23-09-2021,2021-09-23 05:30:00
33,2,24-09-2021,2021-09-24 05:30:00
28,2,25-09-2021,2021-09-25 05:30:00
27,2,26-09-2021,2021-09-26 05:30:00
26,2,27-09-2021,2021-09-27 05:30:00
25,2,28-09-2021,2021-09-28 05:30:00
24,0,29-09-2021,2021-09-29 05:30:00
20,0,30-09-2021,2021-09-30 05:30:00
27,2,01-10-2021,2021-10-01 05:30:00
54,4,02-10-2021,2021-10-02 05:30:00
49,4,03-10-2021,2021-10-03 05:30:00
54,4,04-10-2021,2021-10-04 05:30:00
59,3,05-10-2021,2021-10-05 05:30:00
68,3,06-10-2021,2021-10-06 05:30:00
76,1,07-10-2021,2021-10-07 05:30:00
74,3,08-10-2021,2021-10-08 05:30:00
72,3,09-10-2021,2021-10-09 05:30:00
71,3,10-10-2021,2021-10-10 05:30:00
71,3,11-10-2021,2021-10-11 05:30:00
78,1,12-10-2021,2021-10-12 05:30:00
70,3,13-10-2021,2021-10-13 05:30:00
70,3,14-10-2021,2021-10-14 05:30:00
71,3,15-10-2021,2021-10-15 05:30:00
78,1,16-10-2021,2021-10-16 05:30:00
79,1,17-10-2021,2021-10-17 05:30:00
78,1,18-10-2021,2021-10-18 05:30:00
75,1,19-10-2021,2021-10-19 05:30:00
82,1,20-10-2021,2021-10-20 05:30:00
84,1,21-10-2021,2021-10-21 05:30:00
75,1,22-10-2021,2021-10-22 05:30:00
74,3,23-10-2021,2021-10-23 05:30:00
73,3,24-10-2021,2021-10-24 05:30:00
72,3,25-10-2021,2021-10-25 05:30:00
76,1,26-10-2021,2021-10-26 05:30:00
73,3,27-10-2021,2021-10-27 05:30:00
66,3,28-10-2021,2021-10-28 05:30:00
70,3,29-10-2021,2021-10-29 05:30:00
73,3,30-10-2021,2021-10-30 05:30:00
74,3,31-10-2021,2021-10-31 05:30:00
74,3,01-11-2021,2021-11-01 05:30:00
73,3,02-11-2021,2021-11-02 05:30:00
76,1,03-11-2021,2021-11-03 05:30:00
73,3,04-11-2021,2021-11-04 05:30:00
73,3,05-11-2021,2021-11-05 05:30:00
71,3,06-11-2021,2021-11-06 05:30:00
73,3,07-11-2021,2021-11-07 05:30:00
75,1,08-11-2021,2021-11-08 05:30:00
84,1,09-11-2021,2021-11-09 05:30:00
75,1,10-11-2021,2021-11-10 05:30:00
77,1,11-11-2021,2021-11-11 05:30:00
74,3,12-11-2021,2021-11-12 05:30:00
72,3,13-11-2021,2021-11-13 05:30:00
74,3,14-11-2021,2021-11-14 05:30:00
72,3,15-11-2021,2021-11-15 05:30:00
71,3,16-11-2021,2021-11-16 05:30:00
52,4,17-11-2021,2021-11-17 05:30:00
54,4,18-11-2021,2021-11-18 05:30:00
34,2,19-11-2021,2021-11-19 05:30:00
43,2,20-11-2021,2021-11-20 05:30:00
49,4,21-11-2021,2021-11-21 05:30:00
50,4,22-11-2021,2021-11-22 05:30:00
33,2,23-11-2021,2021-11-23 05:30:00
42,2,24-11-2021,2021-11-24 05:30:00
32,2,25-11-2021,2021-11-25 05:30:00
47,4,26-11-2021,2021-11-26 05:30:00
21,0,27-11-2021,2021-11-27 05:30:00
27,2,28-11-2021,2021-11-28 05:30:00
33,2,29-11-2021,2021-11-29 05:30:00
40,2,30-11-2021,2021-11-30 05:30:00
34,2,01-12-2021,2021-12-01 05:30:00
32,2,02-12-2021,2021-12-02 05:30:00
31,2,03-12-2021,2021-12-03 05:30:00
25,2,04-12-2021,2021-12-04 05:30:00
18,0,05-12-2021,2021-12-05 05:30:00
16,0,06-12-2021,2021-12-06 05:30:00
25,2,07-12-2021,2021-12-07 05:30:00
28,2,08-12-2021,2021-12-08 05:30:00
29,2,09-12-2021,2021-12-09 05:30:00
24,0,10-12-2021,2021-12-10 05:30:00
16,0,11-12-2021,2021-12-11 05:30:00
27,2,12-12-2021,2021-12-12 05:30:00
28,2,13-12-2021,2021-12-13 05:30:00
21,0,14-12-2021,2021-12-14 05:30:00
28,2,15-12-2021,2021-12-15 05:30:00
29,2,16-12-2021,2021-12-16 05:30:00
23,0,17-12-2021,2021-12-17 05:30:00
24,0,18-12-2021,2021-12-18 05:30:00
29,2,19-12-2021,2021-12-19 05:30:00
25,2,20-12-2021,2021-12-20 05:30:00
27,2,21-12-2021,2021-12-21 05:30:00
45,4,22-12-2021,2021-12-22 05:30:00
34,2,23-12-2021,2021-12-23 05:30:00
41,2,24-12-2021,2021-12-24 05:30:00
39,2,25-12-2021,2021-12-25 05:30:00
37,2,26-12-2021,2021-12-26 05:30:00
40,2,27-12-2021,2021-12-27 05:30:00
41,2,28-12-2021,2021-12-28 05:30:00
27,2,29-12-2021,2021-12-29 05:30:00
22,0,30-12-2021,2021-12-30 05:30:00
28,2,31-12-2021,2021-12-31 05:30:00
21,0,01-01-2022,2022-01-01 05:30:00
29,2,02-01-2022,2022-01-02 05:30:00
29,2,03-01-2022,2022-01-03 05:30:00
23,0,04-01-2022,2022-01-04 05:30:00
24,0,05-01-2022,2022-01-05 05:30:00
15,0,06-01-2022,2022-01-06 05:30:00
18,0,07-01-2022,2022-01-07 05:30:00
10,0,08-01-2022,2022-01-08 05:30:00
23,0,09-01-2022,2022-01-09 05:30:00
23,0,10-01-2022,2022-01-10 05:30:00
21,0,11-01-2022,2022-01-11 05:30:00
22,0,12-01-2022,2022-01-12 05:30:00
21,0,13-01-2022,2022-01-13 05:30:00
21,0,14-01-2022,2022-01-14 05:30:00
23,0,15-01-2022,2022-01-15 05:30:00
21,0,16-01-2022,2022-01-16 05:30:00
22,0,17-01-2022,2022-01-17 05:30:00
24,0,18-01-2022,2022-01-18 05:30:00
24,0,19-01-2022,2022-01-19 05:30:00
24,0,20-01-2022,2022-01-20 05:30:00
19,0,21-01-2022,2022-01-21 05:30:00
13,0,22-01-2022,2022-01-22 05:30:00
11,0,23-01-2022,2022-01-23 05:30:00
13,0,24-01-2022,2022-01-24 05:30:00
12,0,25-01-2022,2022-01-25 05:30:00
23,0,26-01-2022,2022-01-26 05:30:00
20,0,27-01-2022,2022-01-27 05:30:00
24,0,28-01-2022,2022-01-28 05:30:00
24,0,29-01-2022,2022-01-29 05:30:00
29,2,30-01-2022,2022-01-30 05:30:00
20,0,31-01-2022,2022-01-31 05:30:00
26,2,01-02-2022,2022-02-01 05:30:00
28,2,02-02-2022,2022-02-02 05:30:00
20,0,03-02-2022,2022-02-03 05:30:00
20,0,04-02-2022,2022-02-04 05:30:00
33,2,05-02-2022,2022-02-05 05:30:00
37,2,06-02-2022,2022-02-06 05:30:00
45,4,07-02-2022,2022-02-07 05:30:00
48,4,08-02-2022,2022-02-08 05:30:00
54,4,09-02-2022,2022-02-09 05:30:00
50,4,10-02-2022,2022-02-10 05:30:00
50,4,11-02-2022,2022-02-11 05:30:00
44,2,12-02-2022,2022-02-12 05:30:00
44,2,13-02-2022,2022-02-13 05:30:00
46,4,14-02-2022,2022-02-14 05:30:00
46,4,15-02-2022,2022-02-15 05:30:00
51,4,16-02-2022,2022-02-16 05:30:00
52,4,17-02-2022,2022-02-17 05:30:00
30,2,18-02-2022,2022-02-18 05:30:00
25,2,19-02-2022,2022-02-19 05:30:00
27,2,20-02-2022,2022-02-20 05:30:00
25,2,21-02-2022,2022-02-21 05:30:00
20,0,22-02-2022,2022-02-22 05:30:00
25,2,23-02-2022,2022-02-23 05:30:00
23,0,24-02-2022,2022-02-24 05:30:00
27,2,25-02-2022,2022-02-25 05:30:00
26,2,26-02-2022,2022-02-26 05:30:00
26,2,27-02-2022,2022-02-27 05:30:00
20,0,28-02-2022,2022-02-28 05:30:00
51,4,01-03-2022,2022-03-01 05:30:00
52,4,02-03-2022,2022-03-02 05:30:00
39,2,03-03-2022,2022-03-03 05:30:00
33,2,04-03-2022,2022-03-04 05:30:00
22,0,05-03-2022,2022-03-05 05:30:00
22,0,06-03-2022,2022-03-06 05:30:00
23,0,07-03-2022,2022-03-07 05:30:00
21,0,08-03-2022,2022-03-08 05:30:00
22,0,09-03-2022,2022-03-09 05:30:00
28,2,10-03-2022,2022-03-10 05:30:00
22,0,11-03-2022,2022-03-11 05:30:00
22,0,12-03-2022,2022-03-12 05:30:00
21,0,13-03-2022,2022-03-13 05:30:00
23,0,14-03-2022,2022-03-14 05:30:00
21,0,15-03-2022,2022-03-15 05:30:00
24,0,16-03-2022,2022-03-16 05:30:00
27,2,17-03-2022,2022-03-17 05:30:00
25,2,18-03-2022,2022-03-18 05:30:00
28,2,19-03-2022,2022-03-19 05:30:00
31,2,20-03-2022,2022-03-20 05:30:00
30,2,21-03-2022,2022-03-21 05:30:00
26,2,22-03-2022,2022-03-22 05:30:00
31,2,23-03-2022,2022-03-23 05:30:00
40,2,24-03-2022,2022-03-24 05:30:00
47,4,25-03-2022,2022-03-25 05:30:00
51,4,26-03-2022,2022-03-26 05:30:00
49,4,27-03-2022,2022-03-27 05:30:00
60,3,28-03-2022,2022-03-28 05:30:00
56,3,29-03-2022,2022-03-29 05:30:00
55,3,30-03-2022,2022-03-30 05:30:00
52,4,31-03-2022,2022-03-31 05:30:00
50,4,01-04-2022,2022-04-01 05:30:00
52,4,02-04-2022,2022-04-02 05:30:00
48,4,03-04-2022,2022-04-03 05:30:00
52,4,04-04-2022,2022-04-04 05:30:00
53,4,05-04-2022,2022-04-05 05:30:00
48,4,06-04-2022,2022-04-06 05:30:00
34,2,07-04-2022,2022-04-07 05:30:00
37,2,08-04-2022,2022-04-08 05:30:00
30,2,09-04-2022,2022-04-09 05:30:00
34,2,10-04-2022,2022-04-10 05:30:00
32,2,11-04-2022,2022-04-11 05:30:00
20,0,12-04-2022,2022-04-12 05:30:00
25,2,13-04-2022,2022-04-13 05:30:00
28,2,14-04-2022,2022-04-14 05:30:00
22,0,15-04-2022,2022-04-15 05:30:00
28,2,16-04-2022,2022-04-16 05:30:00
28,2,17-04-2022,2022-04-17 05:30:00
24,0,18-04-2022,2022-04-18 05:30:00
27,2,19-04-2022,2022-04-19 05:30:00
27,2,20-04-2022,2022-04-20 05:30:00
27,2,21-04-2022,2022-04-21 05:30:00
26,2,22-04-2022,2022-04-22 05:30:00
24,0,23-04-2022,2022-04-23 05:30:00
24,0,24-04-2022,2022-04-24 05:30:00
23,0,25-04-2022,2022-04-25 05:30:00
27,2,26-04-2022,2022-04-26 05:30:00
21,0,27-04-2022,2022-04-27 05:30:00
24,0,28-04-2022,2022-04-28 05:30:00
23,0,29-04-2022,2022-04-29 05:30:00
20,0,30-04-2022,2022-04-30 05:30:00
22,0,01-05-2022,2022-05-01 05:30:00
28,2,02-05-2022,2022-05-02 05:30:00
27,2,03-05-2022,2022-05-03 05:30:00
21,0,04-05-2022,2022-05-04 05:30:00
27,2,05-05-2022,2022-05-05 05:30:00
22,0,06-05-2022,2022-05-06 05:30:00
23,0,07-05-2022,2022-05-07 05:30:00
18,0,08-05-2022,2022-05-08 05:30:00
11,0,09-05-2022,2022-05-09 05:30:00
10,0,10-05-2022,2022-05-10 05:30:00
12,0,11-05-2022,2022-05-11 05:30:00
12,0,12-05-2022,2022-05-12 05:30:00
10,0,13-05-2022,2022-05-13 05:30:00
9,0,14-05-2022,2022-05-14 05:30:00
10,0,15-05-2022,2022-05-15 05:30:00
14,0,16-05-2022,2022-05-16 05:30:00
8,0,17-05-2022,2022-05-17 05:30:00
12,0,18-05-2022,2022-05-18 05:30:00
13,0,19-05-2022,2022-05-19 05:30:00
13,0,20-05-2022,2022-05-20 05:30:00
13,0,21-05-2022,2022-05-21 05:30:00
14,0,22-05-2022,2022-05-22 05:30:00
10,0,23-05-2022,2022-05-23 05:30:00
12,0,24-05-2022,2022-05-24 05:30:00
11,0,25-05-2022,2022-05-25 05:30:00
12,0,26-05-2022,2022-05-26 05:30:00
12,0,27-05-2022,2022-05-27 05:30:00
13,0,28-05-2022,2022-05-28 05:30:00
14,0,29-05-2022,2022-05-29 05:30:00
10,0,30-05-2022,2022-05-30 05:30:00
16,0,31-05-2022,2022-05-31 05:30:00
17,0,01-06-2022,2022-06-01 05:30:00
13,0,02-06-2022,2022-06-02 05:30:00
10,0,03-06-2022,2022-06-03 05:30:00
14,0,04-06-2022,2022-06-04 05:30:00
10,0,05-06-2022,2022-06-05 05:30:00
13,0,06-06-2022,2022-06-06 05:30:00
15,0,07-06-2022,2022-06-07 05:30:00
17,0,08-06-2022,2022-06-08 05:30:00
11,0,09-06-2022,2022-06-09 05:30:00
13,0,10-06-2022,2022-06-10 05:30:00
12,0,11-06-2022,2022-06-11 05:30:00
14,0,12-06-2022,2022-06-12 05:30:00
11,0,13-06-2022,2022-06-13 05:30:00
8,0,14-06-2022,2022-06-14 05:30:00
7,0,15-06-2022,2022-06-15 05:30:00
7,0,16-06-2022,2022-06-16 05:30:00
9,0,17-06-2022,2022-06-17 05:30:00
6,0,18-06-2022,2022-06-18 05:30:00
6,0,19-06-2022,2022-06-19 05:30:00
9,0,20-06-2022,2022-06-20 05:30:00
9,0,21-06-2022,2022-06-21 05:30:00
11,0,22-06-2022,2022-06-22 05:30:00
11,0,23-06-2022,2022-06-23 05:30:00
11,0,24-06-2022,2022-06-24 05:30:00
14,0,25-06-2022,2022-06-25 05:30:00
14,0,26-06-2022,2022-06-26 05:30:00
12,0,27-06-2022,2022-06-27 05:30:00
10,0,28-06-2022,2022-06-28 05:30:00
13,0,29-06-2022,2022-06-29 05:30:00
11,0,30-06-2022,2022-06-30 05:30:00
11,0,01-07-2022,2022-07-01 05:30:00
14,0,02-07-2022,2022-07-02 05:30:00
11,0,03-07-2022,2022-07-03 05:30:00
14,0,04-07-2022,2022-07-04 05:30:00
19,0,05-07-2022,2022-07-05 05:30:00
18,0,06-07-2022,2022-07-06 05:30:00
18,0,07-07-2022,2022-07-07 05:30:00
20,0,08-07-2022,2022-07-08 05:30:00
24,0,09-07-2022,2022-07-09 05:30:00
24,0,10-07-2022,2022-07-10 05:30:00
22,0,11-07-2022,2022-07-11 05:30:00
16,0,12-07-2022,2022-07-12 05:30:00
15,0,13-07-2022,2022-07-13 05:30:00
18,0,14-07-2022,2022-07-14 05:30:00
15,0,15-07-2022,2022-07-15 05:30:00
21,0,16-07-2022,2022-07-16 05:30:00
24,0,17-07-2022,2022-07-17 05:30:00
20,0,18-07-2022,2022-07-18 05:30:00
30,2,19-07-2022,2022-07-19 05:30:00
31,2,20-07-2022,2022-07-20 05:30:00
34,2,21-07-2022,2022-07-21 05:30:00
33,2,22-07-2022,2022-07-22 05:30:00
31,2,23-07-2022,2022-07-23 05:30:00
30,2,24-07-2022,2022-07-24 05:30:00
30,2,25-07-2022,2022-07-25 05:30:00
26,2,26-07-2022,2022-07-26 05:30:00
28,2,27-07-2022,2022-07-27 05:30:00
32,2,28-07-2022,2022-07-28 05:30:00
39,2,29-07-2022,2022-07-29 05:30:00
42,2,30-07-2022,2022-07-30 05:30:00
39,2,31-07-2022,2022-07-31 05:30:00
33,2,01-08-2022,2022-08-01 05:30:00
31,2,02-08-2022,2022-08-02 05:30:00
34,2,03-08-2022,2022-08-03 05:30:00
30,2,04-08-2022,2022-08-04 05:30:00
31,2,05-08-2022,2022-08-05 05:30:00
31,2,06-08-2022,2022-08-06 05:30:00
30,2,07-08-2022,2022-08-07 05:30:00
30,2,08-08-2022,2022-08-08 05:30:00
42,2,09-08-2022,2022-08-09 05:30:00
31,2,10-08-2022,2022-08-10 05:30:00
41,2,11-08-2022,2022-08-11 05:30:00
42,2,12-08-2022,2022-08-12 05:30:00
46,4,13-08-2022,2022-08-13 05:30:00
47,4,14-08-2022,2022-08-14 05:30:00
45,4,15-08-2022,2022-08-15 05:30:00
44,2,16-08-2022,2022-08-16 05:30:00
41,2,17-08-2022,2022-08-17 05:30:00
30,2,18-08-2022,2022-08-18 05:30:00
33,2,19-08-2022,2022-08-19 05:30:00
29,2,20-08-2022,2022-08-20 05:30:00
27,2,21-08-2022,2022-08-21 05:30:00
29,2,22-08-2022,2022-08-22 05:30:00
28,2,23-08-2022,2022-08-23 05:30:00
25,2,24-08-2022,2022-08-24 05:30:00
25,2,25-08-2022,2022-08-25 05:30:00
27,2,26-08-2022,2022-08-26 05:30:00
28,2,27-08-2022,2022-08-27 05:30:00
28,2,28-08-2022,2022-08-28 05:30:00
24,0,29-08-2022,2022-08-29 05:30:00
27,2,30-08-2022,2022-08-30 05:30:00
23,0,31-08-2022,2022-08-31 05:30:00
20,0,01-09-2022,2022-09-01 05:30:00
25,2,02-09-2022,2022-09-02 05:30:00
21,0,03-09-2022,2022-09-03 05:30:00
20,0,04-09-2022,2022-09-04 05:30:00
23,0,05-09-2022,2022-09-05 05:30:00
22,0,06-09-2022,2022-09-06 05:30:00
24,0,07-09-2022,2022-09-07 05:30:00
20,0,08-09-2022,2022-09-08 05:30:00
22,0,09-09-2022,2022-09-09 05:30:00
28,2,10-09-2022,2022-09-10 05:30:00
26,2,11-09-2022,2022-09-11 05:30:00
25,2,12-09-2022,2022-09-12 05:30:00
34,2,13-09-2022,2022-09-13 05:30:00
27,2,14-09-2022,2022-09-14 05:30:00
28,2,15-09-2022,2022-09-15 05:30:00
20,0,16-09-2022,2022-09-16 05:30:00
22,0,17-09-2022,2022-09-17 05:30:00
27,2,18-09-2022,2022-09-18 05:30:00
21,0,19-09-2022,2022-09-19 05:30:00
23,0,20-09-2022,2022-09-20 05:30:00
23,0,21-09-2022,2022-09-21 05:30:00
22,0,22-09-2022,2022-09-22 05:30:00
20,0,23-09-2022,2022-09-23 05:30:00
24,0,24-09-2022,2022-09-24 05:30:00
24,0,25-09-2022,2022-09-25 05:30:00
21,0,26-09-2022,2022-09-26 05:30:00
20,0,27-09-2022,2022-09-27 05:30:00
20,0,28-09-2022,2022-09-28 05:30:00
22,0,29-09-2022,2022-09-29 05:30:00
21,0,30-09-2022,2022-09-30 05:30:00
20,0,01-10-2022,2022-10-01 05:30:00
24,0,02-10-2022,2022-10-02 05:30:00
24,0,03-10-2022,2022-10-03 05:30:00
20,0,04-10-2022,2022-10-04 05:30:00
25,2,05-10-2022,2022-10-05 05:30:00
26,2,06-10-2022,2022-10-06 05:30:00
23,0,07-10-2022,2022-10-07 05:30:00
24,0,08-10-2022,2022-10-08 05:30:00
22,0,09-10-2022,2022-10-09 05:30:00
22,0,10-10-2022,2022-10-10 05:30:00
24,0,11-10-2022,2022-10-11 05:30:00
20,0,12-10-2022,2022-10-12 05:30:00
20,0,13-10-2022,2022-10-13 05:30:00
24,0,14-10-2022,2022-10-14 05:30:00
24,0,15-10-2022,2022-10-15 05:30:00
24,0,16-10-2022,2022-10-16 05:30:00
20,0,17-10-2022,2022-10-17 05:30:00
22,0,18-10-2022,2022-10-18 05:30:00
23,0,19-10-2022,2022-10-19 05:30:00
23,0,20-10-2022,2022-10-20 05:30:00
23,0,21-10-2022,2022-10-21 05:30:00
20,0,22-10-2022,2022-10-22 05:30:00
23,0,23-10-2022,2022-10-23 05:30:00
22,0,24-10-2022,2022-10-24 05:30:00
20,0,25-10-2022,2022-10-25 05:30:00
33,2,26-10-2022,2022-10-26 05:30:00
32,2,27-10-2022,2022-10-27 05:30:00
30,2,28-10-2022,2022-10-28 05:30:00
34,2,29-10-2022,2022-10-29 05:30:00
34,2,30-10-2022,2022-10-30 05:30:00
31,2,31-10-2022,2022-10-31 05:30:00
30,2,01-11-2022,2022-11-01 05:30:00
30,2,02-11-2022,2022-11-02 05:30:00
30,2,03-11-2022,2022-11-03 05:30:00
30,2,04-11-2022,2022-11-04 05:30:00
38,2,05-11-2022,2022-11-05 05:30:00
40,2,06-11-2022,2022-11-06 05:30:00
33,2,07-11-2022,2022-11-07 05:30:00
31,2,08-11-2022,2022-11-08 05:30:00
29,2,09-11-2022,2022-11-09 05:30:00
22,0,10-11-2022,2022-11-10 05:30:00
25,2,11-11-2022,2022-11-11 05:30:00
21,0,12-11-2022,2022-11-12 05:30:00
22,0,13-11-2022,2022-11-13 05:30:00
24,0,14-11-2022,2022-11-14 05:30:00
22,0,15-11-2022,2022-11-15 05:30:00
23,0,16-11-2022,2022-11-16 05:30:00
20,0,17-11-2022,2022-11-17 05:30:00
23,0,18-11-2022,2022-11-18 05:30:00
23,0,19-11-2022,2022-11-19 05:30:00
24,0,20-11-2022,2022-11-20 05:30:00
21,0,21-11-2022,2022-11-21 05:30:00
22,0,22-11-2022,2022-11-22 05:30:00
22,0,23-11-2022,2022-11-23 05:30:00
20,0,24-11-2022,2022-11-24 05:30:00
20,0,25-11-2022,2022-11-25 05:30:00
22,0,26-11-2022,2022-11-26 05:30:00
26,2,27-11-2022,2022-11-27 05:30:00
28,2,28-11-2022,2022-11-28 05:30:00
26,2,29-11-2022,2022-11-29 05:30:00
29,2,30-11-2022,2022-11-30 05:30:00
27,2,01-12-2022,2022-12-01 05:30:00
27,2,02-12-2022,2022-12-02 05:30:00
27,2,03-12-2022,2022-12-03 05:30:00
26,2,04-12-2022,2022-12-04 05:30:00
26,2,05-12-2022,2022-12-05 05:30:00
25,2,06-12-2022,2022-12-06 05:30:00
29,2,07-12-2022,2022-12-07 05:30:00
25,2,08-12-2022,2022-12-08 05:30:00
26,2,09-12-2022,2022-12-09 05:30:00
27,2,10-12-2022,2022-12-10 05:30:00
26,2,11-12-2022,2022-12-11 05:30:00
27,2,12-12-2022,2022-12-12 05:30:00
27,2,13-12-2022,2022-12-13 05:30:00
30,2,14-12-2022,2022-12-14 05:30:00
31,2,15-12-2022,2022-12-15 05:30:00
29,2,16-12-2022,2022-12-16 05:30:00
28,2,17-12-2022,2022-12-17 05:30:00
26,2,18-12-2022,2022-12-18 05:30:00
29,2,19-12-2022,2022-12-19 05:30:00
29,2,20-12-2022,2022-12-20 05:30:00
26,2,21-12-2022,2022-12-21 05:30:00
28,2,22-12-2022,2022-12-22 05:30:00
27,2,23-12-2022,2022-12-23 05:30:00
29,2,24-12-2022,2022-12-24 05:30:00
29,2,25-12-2022,2022-12-25 05:30:00
28,2,26-12-2022,2022-12-26 05:30:00
27,2,27-12-2022,2022-12-27 05:30:00
28,2,28-12-2022,2022-12-28 05:30:00
28,2,29-12-2022,2022-12-29 05:30:00
28,2,30-12-2022,2022-12-30 05:30:00
25,2,31-12-2022,2022-12-31 05:30:00
26,2,01-01-2023,2023-01-01 05:30:00
27,2,02-01-2023,2023-01-02 05:30:00
26,2,03-01-2023,2023-01-03 05:30:00
29,2,04-01-2023,2023-01-04 05:30:00
29,2,05-01-2023,2023-01-05 05:30:00
26,2,06-01-2023,2023-01-06 05:30:00
25,2,07-01-2023,2023-01-07 05:30:00
25,2,08-01-2023,2023-01-08 05:30:00
25,2,09-01-2023,2023-01-09 05:30:00
26,2,10-01-2023,2023-01-10 05:30:00
26,2,11-01-2023,2023-01-11 05:30:00
30,2,12-01-2023,2023-01-12 05:30:00
31,2,13-01-2023,2023-01-13 05:30:00
46,4,14-01-2023,2023-01-14 05:30:00
52,4,15-01-2023,2023-01-15 05:30:00
45,4,16-01-2023,2023-01-16 05:30:00
51,4,17-01-2023,2023-01-17 05:30:00
52,4,18-01-2023,2023-01-18 05:30:00
45,4,19-01-2023,2023-01-19 05:30:00
51,4,20-01-2023,2023-01-20 05:30:00
53,4,21-01-2023,2023-01-21 05:30:00
53,4,22-01-2023,2023-01-22 05:30:00
50,4,23-01-2023,2023-01-23 05:30:00
52,4,24-01-2023,2023-01-24 05:30:00
51,4,25-01-2023,2023-01-25 05:30:00
54,4,26-01-2023,2023-01-26 05:30:00
55,3,27-01-2023,2023-01-27 05:30:00
52,4,28-01-2023,2023-01-28 05:30:00
55,3,29-01-2023,2023-01-29 05:30:00
61,3,30-01-2023,2023-01-30 05:30:00
51,4,31-01-2023,2023-01-31 05:30:00
56,3,01-02-2023,2023-02-01 05:30:00
60,3,02-02-2023,2023-02-02 05:30:00
60,3,03-02-2023,2023-02-03 05:30:00
58,3,04-02-2023,2023-02-04 05:30:00
58,3,05-02-2023,2023-02-05 05:30:00
56,3,06-02-2023,2023-02-06 05:30:00
54,4,07-02-2023,2023-02-07 05:30:00
58,3,08-02-2023,2023-02-08 05:30:00
55,3,09-02-2023,2023-02-09 05:30:00
48,4,10-02-2023,2023-02-10 05:30:00
49,4,11-02-2023,2023-02-11 05:30:00
50,4,12-02-2023,2023-02-12 05:30:00
48,4,13-02-2023,2023-02-13 05:30:00
50,4,14-02-2023,2023-02-14 05:30:00
53,4,15-02-2023,2023-02-15 05:30:00
62,3,16-02-2023,2023-02-16 05:30:00
61,3,17-02-2023,2023-02-17 05:30:00
60,3,18-02-2023,2023-02-18 05:30:00
60,3,19-02-2023,2023-02-19 05:30:00
58,3,20-02-2023,2023-02-20 05:30:00
60,3,21-02-2023,2023-02-21 05:30:00
59,3,22-02-2023,2023-02-22 05:30:00
56,3,23-02-2023,2023-02-23 05:30:00
53,4,24-02-2023,2023-02-24 05:30:00
52,4,25-02-2023,2023-02-25 05:30:00
51,4,26-02-2023,2023-02-26 05:30:00
50,4,27-02-2023,2023-02-27 05:30:00
53,4,28-02-2023,2023-02-28 05:30:00
50,4,01-03-2023,2023-03-01 05:30:00
51,4,02-03-2023,2023-03-02 05:30:00
50,4,03-03-2023,2023-03-03 05:30:00
50,4,04-03-2023,2023-03-04 05:30:00
47,4,05-03-2023,2023-03-05 05:30:00
48,4,06-03-2023,2023-03-06 05:30:00
49,4,07-03-2023,2023-03-07 05:30:00
50,4,08-03-2023,2023-03-08 05:30:00
44,2,09-03-2023,2023-03-09 05:30:00
34,2,10-03-2023,2023-03-10 05:30:00
33,2,11-03-2023,2023-03-11 05:30:00
33,2,12-03-2023,2023-03-12 05:30:00
49,4,13-03-2023,2023-03-13 05:30:00
56,3,14-03-2023,2023-03-14 05:30:00
50,4,15-03-2023,2023-03-15 05:30:00
52,4,16-03-2023,2023-03-16 05:30:00
51,4,17-03-2023,2023-03-17 05:30:00
64,3,18-03-2023,2023-03-18 05:30:00
63,3,19-03-2023,2023-03-19 05:30:00
66,3,20-03-2023,2023-03-20 05:30:00
68,3,21-03-2023,2023-03-21 05:30:00
62,3,22-03-2023,2023-03-22 05:30:00
57,3,23-03-2023,2023-03-23 05:30:00
61,3,24-03-2023,2023-03-24 05:30:00
64,3,25-03-2023,2023-03-25 05:30:00
64,3,26-03-2023,2023-03-26 05:30:00
64,3,27-03-2023,2023-03-27 05:30:00
59,3,28-03-2023,2023-03-28 05:30:00
57,3,29-03-2023,2023-03-29 05:30:00
60,3,30-03-2023,2023-03-30 05:30:00
63,3,31-03-2023,2023-03-31 05:30:00
61,3,01-04-2023,2023-04-01 05:30:00
63,3,02-04-2023,2023-04-02 05:30:00
63,3,03-04-2023,2023-04-03 05:30:00
62,3,04-04-2023,2023-04-04 05:30:00
62,3,05-04-2023,2023-04-05 05:30:00
63,3,06-04-2023,2023-04-06 05:30:00
64,3,07-04-2023,2023-04-07 05:30:00
61,3,08-04-2023,2023-04-08 05:30:00
61,3,09-04-2023,2023-04-09 05:30:00
62,3,10-04-2023,2023-04-10 05:30:00
68,3,11-04-2023,2023-04-11 05:30:00
65,3,12-04-2023,2023-04-12 05:30:00
61,3,13-04-2023,2023-04-13 05:30:00
68,3,14-04-2023,2023-04-14 05:30:00
68,3,15-04-2023,2023-04-15 05:30:00
68,3,16-04-2023,2023-04-16 05:30:00
69,3,17-04-2023,2023-04-17 05:30:00
58,3,18-04-2023,2023-04-18 05:30:00
63,3,19-04-2023,2023-04-19 05:30:00
52,4,20-04-2023,2023-04-20 05:30:00
50,4,21-04-2023,2023-04-21 05:30:00
53,4,22-04-2023,2023-04-22 05:30:00
56,3,23-04-2023,2023-04-23 05:30:00
53,4,24-04-2023,2023-04-24 05:30:00
53,4,25-04-2023,2023-04-25 05:30:00
56,3,26-04-2023,2023-04-26 05:30:00
59,3,27-04-2023,2023-04-27 05:30:00
64,3,28-04-2023,2023-04-28 05:30:00
64,3,29-04-2023,2023-04-29 05:30:00
60,3,30-04-2023,2023-04-30 05:30:00
63,3,01-05-2023,2023-05-01 05:30:00
55,3,02-05-2023,2023-05-02 05:30:00
64,3,03-05-2023,2023-05-03 05:30:00
64,3,04-05-2023,2023-05-04 05:30:00
61,3,05-05-2023,2023-05-05 05:30:00
60,3,06-05-2023,2023-05-06 05:30:00
64,3,07-05-2023,2023-05-07 05:30:00
60,3,08-05-2023,2023-05-08 05:30:00
51,4,09-05-2023,2023-05-09 05:30:00
52,4,10-05-2023,2023-05-10 05:30:00
52,4,11-05-2023,2023-05-11 05:30:00
49,4,12-05-2023,2023-05-12 05:30:00
48,4,13-05-2023,2023-05-13 05:30:00
48,4,14-05-2023,2023-05-14 05:30:00
50,4,15-05-2023,2023-05-15 05:30:00
54,4,16-05-2023,2023-05-16 05:30:00
50,4,17-05-2023,2023-05-17 05:30:00
51,4,18-05-2023,2023-05-18 05:30:00
48,4,19-05-2023,2023-05-19 05:30:00
48,4,20-05-2023,2023-05-20 05:30:00
52,4,21-05-2023,2023-05-21 05:30:00
49,4,22-05-2023,2023-05-22 05:30:00
50,4,23-05-2023,2023-05-23 05:30:00
50,4,24-05-2023,2023-05-24 05:30:00
51,4,25-05-2023,2023-05-25 05:30:00
49,4,26-05-2023,2023-05-26 05:30:00
48,4,27-05-2023,2023-05-27 05:30:00
50,4,28-05-2023,2023-05-28 05:30:00
52,4,29-05-2023,2023-05-29 05:30:00
51,4,30-05-2023,2023-05-30 05:30:00
51,4,31-05-2023,2023-05-31 05:30:00
52,4,01-06-2023,2023-06-01 05:30:00
50,4,02-06-2023,2023-06-02 05:30:00
53,4,03-06-2023,2023-06-03 05:30:00
52,4,04-06-2023,2023-06-04 05:30:00
53,4,05-06-2023,2023-06-05 05:30:00
44,2,06-06-2023,2023-06-06 05:30:00
53,4,07-06-2023,2023-06-07 05:30:00
50,4,08-06-2023,2023-06-08 05:30:00
50,4,09-06-2023,2023-06-09 05:30:00
49,4,10-06-2023,2023-06-10 05:30:00
47,4,11-06-2023,2023-06-11 05:30:00
47,4,12-06-2023,2023-06-12 05:30:00
45,4,13-06-2023,2023-06-13 05:30:00
46,4,14-06-2023,2023-06-14 05:30:00
41,2,15-06-2023,2023-06-15 05:30:00
47,4,16-06-2023,2023-06-16 05:30:00
47,4,17-06-2023,2023-06-17 05:30:00
49,4,18-06-2023,2023-06-18 05:30:00
47,4,19-06-2023,2023-06-19 05:30:00
49,4,20-06-2023,2023-06-20 05:30:00
59,3,21-06-2023,2023-06-21 05:30:00
65,3,22-06-2023,2023-06-22 05:30:00
65,3,23-06-2023,2023-06-23 05:30:00
62,3,24-06-2023,2023-06-24 05:30:00
64,3,25-06-2023,2023-06-25 05:30:00
55,3,26-06-2023,2023-06-26 05:30:00
59,3,27-06-2023,2023-06-27 05:30:00
62,3,28-06-2023,2023-06-28 05:30:00
54,4,29-06-2023,2023-06-29 05:30:00
56,3,30-06-2023,2023-06-30 05:30:00
59,3,01-07-2023,2023-07-01 05:30:00
63,3,02-07-2023,2023-07-02 05:30:00
62,3,03-07-2023,2023-07-03 05:30:00
64,3,04-07-2023,2023-07-04 05:30:00
61,3,05-07-2023,2023-07-05 05:30:00
56,3,06-07-2023,2023-07-06 05:30:00
55,3,07-07-2023,2023-07-07 05:30:00
58,3,08-07-2023,2023-07-08 05:30:00
55,3,09-07-2023,2023-07-09 05:30:00
56,3,10-07-2023,2023-07-10 05:30:00
57,3,11-07-2023,2023-07-11 05:30:00
64,3,12-07-2023,2023-07-12 05:30:00
57,3,13-07-2023,2023-07-13 05:30:00
60,3,14-07-2023,2023-07-14 05:30:00
56,3,15-07-2023,2023-07-15 05:30:00
57,3,16-07-2023,2023-07-16 05:30:00
54,4,17-07-2023,2023-07-17 05:30:00
56,3,18-07-2023,2023-07-18 05:30:00
50,4,19-07-2023,2023-07-19 05:30:00
56,3,20-07-2023,2023-07-20 05:30:00
50,4,21-07-2023,2023-07-21 05:30:00
52,4,22-07-2023,2023-07-22 05:30:00
54,4,23-07-2023,2023-07-23 05:30:00
55,3,24-07-2023,2023-07-24 05:30:00
50,4,25-07-2023,2023-07-25 05:30:00
51,4,26-07-2023,2023-07-26 05:30:00
51,4,27-07-2023,2023-07-27 05:30:00
52,4,28-07-2023,2023-07-28 05:30:00
52,4,29-07-2023,2023-07-29 05:30:00
52,4,30-07-2023,2023-07-30 05:30:00
50,4,31-07-2023,2023-07-31 05:30:00
53,4,01-08-2023,2023-08-01 05:30:00
53,4,02-08-2023,2023-08-02 05:30:00
52,4,03-08-2023,2023-08-03 05:30:00
54,4,04-08-2023,2023-08-04 05:30:00
50,4,05-08-2023,2023-08-05 05:30:00
49,4,06-08-2023,2023-08-06 05:30:00
49,4,07-08-2023,2023-08-07 05:30:00
54,4,08-08-2023,2023-08-08 05:30:00
50,4,09-08-2023,2023-08-09 05:30:00
53,4,10-08-2023,2023-08-10 05:30:00
51,4,11-08-2023,2023-08-11 05:30:00
54,4,12-08-2023,2023-08-12 05:30:00
54,4,13-08-2023,2023-08-13 05:30:00
50,4,14-08-2023,2023-08-14 05:30:00
53,4,15-08-2023,2023-08-15 05:30:00
52,4,16-08-2023,2023-08-16 05:30:00
50,4,17-08-2023,2023-08-17 05:30:00
37,2,18-08-2023,2023-08-18 05:30:00
39,2,19-08-2023,2023-08-19 05:30:00
37,2,20-08-2023,2023-08-20 05:30:00
38,2,21-08-2023,2023-08-21 05:30:00
37,2,22-08-2023,2023-08-22 05:30:00
37,2,23-08-2023,2023-08-23 05:30:00
41,2,24-08-2023,2023-08-24 05:30:00
39,2,25-08-2023,2023-08-25 05:30:00
38,2,26-08-2023,2023-08-26 05:30:00
38,2,27-08-2023,2023-08-27 05:30:00
39,2,28-08-2023,2023-08-28 05:30:00
39,2,29-08-2023,2023-08-29 05:30:00
49,4,30-08-2023,2023-08-30 05:30:00
52,4,31-08-2023,2023-08-31 05:30:00
40,2,01-09-2023,2023-09-01 05:30:00
39,2,02-09-2023,2023-09-02 05:30:00
40,2,03-09-2023,2023-09-03 05:30:00
40,2,04-09-2023,2023-09-04 05:30:00
40,2,05-09-2023,2023-09-05 05:30:00
42,2,06-09-2023,2023-09-06 05:30:00
41,2,07-09-2023,2023-09-07 05:30:00
46,4,08-09-2023,2023-09-08 05:30:00
41,2,09-09-2023,2023-09-09 05:30:00
40,2,10-09-2023,2023-09-10 05:30:00
40,2,11-09-2023,2023-09-11 05:30:00
30,2,12-09-2023,2023-09-12 05:30:00
41,2,13-09-2023,2023-09-13 05:30:00
45,4,14-09-2023,2023-09-14 05:30:00
45,4,15-09-2023,2023-09-15 05:30:00
43,2,16-09-2023,2023-09-16 05:30:00
46,4,17-09-2023,2023-09-17 05:30:00
46,4,18-09-2023,2023-09-18 05:30:00
46,4,19-09-2023,2023-09-19 05:30:00
47,4,20-09-2023,2023-09-20 05:30:00
47,4,21-09-2023,2023-09-21 05:30:00
43,2,22-09-2023,2023-09-22 05:30:00
47,4,23-09-2023,2023-09-23 05:30:00
44,2,24-09-2023,2023-09-24 05:30:00
47,4,25-09-2023,2023-09-25 05:30:00
46,4,26-09-2023,2023-09-26 05:30:00
44,2,27-09-2023,2023-09-27 05:30:00
46,4,28-09-2023,2023-09-28 05:30:00
48,4,29-09-2023,2023-09-29 05:30:00
47,4,30-09-2023,2023-09-30 05:30:00
48,4,01-10-2023,2023-10-01 05:30:00
50,4,02-10-2023,2023-10-02 05:30:00
50,4,03-10-2023,2023-10-03 05:30:00
49,4,04-10-2023,2023-10-04 05:30:00
48,4,05-10-2023,2023-10-05 05:30:00
50,4,06-10-2023,2023-10-06 05:30:00
49,4,07-10-2023,2023-10-07 05:30:00
50,4,08-10-2023,2023-10-08 05:30:00
50,4,09-10-2023,2023-10-09 05:30:00
50,4,10-10-2023,2023-10-10 05:30:00
47,4,11-10-2023,2023-10-11 05:30:00
45,4,12-10-2023,2023-10-12 05:30:00
44,2,13-10-2023,2023-10-13 05:30:00
47,4,14-10-2023,2023-10-14 05:30:00
45,4,15-10-2023,2023-10-15 05:30:00
47,4,16-10-2023,2023-10-16 05:30:00
52,4,17-10-2023,2023-10-17 05:30:00
50,4,18-10-2023,2023-10-18 05:30:00
52,4,19-10-2023,2023-10-19 05:30:00
53,4,20-10-2023,2023-10-20 05:30:00
63,3,21-10-2023,2023-10-21 05:30:00
53,4,22-10-2023,2023-10-22 05:30:00
53,4,23-10-2023,2023-10-23 05:30:00
66,3,24-10-2023,2023-10-24 05:30:00
72,3,25-10-2023,2023-10-25 05:30:00
71,3,26-10-2023,2023-10-26 05:30:00
70,3,27-10-2023,2023-10-27 05:30:00
65,3,28-10-2023,2023-10-28 05:30:00
72,3,29-10-2023,2023-10-29 05:30:00
68,3,30-10-2023,2023-10-30 05:30:00
66,3,31-10-2023,2023-10-31 05:30:00
66,3,01-11-2023,2023-11-01 05:30:00
72,3,02-11-2023,2023-11-02 05:30:00
65,3,03-11-2023,2023-11-03 05:30:00
68,3,04-11-2023,2023-11-04 05:30:00
70,3,05-11-2023,2023-11-05 05:30:00
74,3,06-11-2023,2023-11-06 05:30:00
68,3,07-11-2023,2023-11-07 05:30:00
66,3,08-11-2023,2023-11-08 05:30:00
69,3,09-11-2023,2023-11-09 05:30:00
70,3,10-11-2023,2023-11-10 05:30:00
70,3,11-11-2023,2023-11-11 05:30:00
73,3,12-11-2023,2023-11-12 05:30:00
72,3,13-11-2023,2023-11-13 05:30:00
69,3,14-11-2023,2023-11-14 05:30:00
60,3,15-11-2023,2023-11-15 05:30:00
70,3,16-11-2023,2023-11-16 05:30:00
63,3,17-11-2023,2023-11-17 05:30:00
69,3,18-11-2023,2023-11-18 05:30:00
66,3,19-11-2023,2023-11-19 05:30:00
69,3,20-11-2023,2023-11-20 05:30:00
71,3,21-11-2023,2023-11-21 05:30:00
62,3,22-11-2023,2023-11-22 05:30:00
66,3,23-11-2023,2023-11-23 05:30:00
66,3,24-11-2023,2023-11-24 05:30:00
73,3,25-11-2023,2023-11-25 05:30:00
73,3,26-11-2023,2023-11-26 05:30:00
66,3,27-11-2023,2023-11-27 05:30:00
68,3,28-11-2023,2023-11-28 05:30:00
72,3,29-11-2023,2023-11-29 05:30:00
74,3,30-11-2023,2023-11-30 05:30:00
71,3,01-12-2023,2023-12-01 05:30:00
74,3,02-12-2023,2023-12-02 05:30:00
73,3,03-12-2023,2023-12-03 05:30:00
74,3,04-12-2023,2023-12-04 05:30:00
75,1,05-12-2023,2023-12-05 05:30:00
72,3,06-12-2023,2023-12-06 05:30:00
72,3,07-12-2023,2023-12-07 05:30:00
72,3,08-12-2023,2023-12-08 05:30:00
73,3,09-12-2023,2023-12-09 05:30:00
74,3,10-12-2023,2023-12-10 05:30:00
74,3,11-12-2023,2023-12-11 05:30:00
67,3,12-12-2023,2023-12-12 05:30:00
65,3,13-12-2023,2023-12-13 05:30:00
72,3,14-12-2023,2023-12-14 05:30:00
70,3,15-12-2023,2023-12-15 05:30:00
67,3,16-12-2023,2023-12-16 05:30:00
73,3,17-12-2023,2023-12-17 05:30:00
65,3,18-12-2023,2023-12-18 05:30:00
73,3,19-12-2023,2023-12-19 05:30:00
74,3,20-12-2023,2023-12-20 05:30:00
70,3,21-12-2023,2023-12-21 05:30:00
74,3,22-12-2023,2023-12-22 05:30:00
70,3,23-12-2023,2023-12-23 05:30:00
71,3,24-12-2023,2023-12-24 05:30:00
73,3,25-12-2023,2023-12-25 05:30:00
71,3,26-12-2023,2023-12-26 05:30:00
73,3,27-12-2023,2023-12-27 05:30:00
73,3,28-12-2023,2023-12-28 05:30:00
65,3,29-12-2023,2023-12-29 05:30:00
68,3,30-12-2023,2023-12-30 05:30:00
67,3,31-12-2023,2023-12-31 05:30:00
65,3,01-01-2024,2024-01-01 05:30:00
71,3,02-01-2024,2024-01-02 05:30:00
70,3,03-01-2024,2024-01-03 05:30:00
68,3,04-01-2024,2024-01-04 05:30:00
72,3,05-01-2024,2024-01-05 05:30:00
70,3,06-01-2024,2024-01-06 05:30:00
71,3,07-01-2024,2024-01-07 05:30:00
71,3,08-01-2024,2024-01-08 05:30:00
76,1,09-01-2024,2024-01-09 05:30:00
73,3,10-01-2024,2024-01-10 05:30:00
76,1,11-01-2024,2024-01-11 05:30:00
71,3,12-01-2024,2024-01-12 05:30:00
64,3,13-01-2024,2024-01-13 05:30:00
60,3,14-01-2024,2024-01-14 05:30:00
52,4,15-01-2024,2024-01-15 05:30:00
64,3,16-01-2024,2024-01-16 05:30:00
60,3,17-01-2024,2024-01-17 05:30:00
63,3,18-01-2024,2024-01-18 05:30:00
51,4,19-01-2024,2024-01-19 05:30:00
52,4,20-01-2024,2024-01-20 05:30:00
56,3,21-01-2024,2024-01-21 05:30:00
55,3,22-01-2024,2024-01-22 05:30:00
50,4,23-01-2024,2024-01-23 05:30:00
48,4,24-01-2024,2024-01-24 05:30:00
52,4,25-01-2024,2024-01-25 05:30:00
49,4,26-01-2024,2024-01-26 05:30:00
55,3,27-01-2024,2024-01-27 05:30:00
54,4,28-01-2024,2024-01-28 05:30:00
55,3,29-01-2024,2024-01-29 05:30:00
61,3,30-01-2024,2024-01-30 05:30:00
60,3,31-01-2024,2024-01-31 05:30:00
63,3,01-02-2024,2024-02-01 05:30:00
63,3,02-02-2024,2024-02-02 05:30:00
60,3,03-02-2024,2024-02-03 05:30:00
60,3,04-02-2024,2024-02-04 05:30:00
60,3,05-02-2024,2024-02-05 05:30:00
64,3,06-02-2024,2024-02-06 05:30:00
62,3,07-02-2024,2024-02-07 05:30:00
66,3,08-02-2024,2024-02-08 05:30:00
72,3,09-02-2024,2024-02-09 05:30:00
74,3,10-02-2024,2024-02-10 05:30:00
71,3,11-02-2024,2024-02-11 05:30:00
70,3,12-02-2024,2024-02-12 05:30:00
79,1,13-02-2024,2024-02-13 05:30:00
74,3,14-02-2024,2024-02-14 05:30:00
72,3,15-02-2024,2024-02-15 05:30:00
72,3,16-02-2024,2024-02-16 05:30:00
76,1,17-02-2024,2024-02-17 05:30:00
72,3,18-02-2024,2024-02-18 05:30:00
75,1,19-02-2024,2024-02-19 05:30:00
72,3,20-02-2024,2024-02-20 05:30:00
78,1,21-02-2024,2024-02-21 05:30:00
74,3,22-02-2024,2024-02-22 05:30:00
76,1,23-02-2024,2024-02-23 05:30:00
72,3,24-02-2024,2024-02-24 05:30:00
74,3,25-02-2024,2024-02-25 05:30:00
72,3,26-02-2024,2024-02-26 05:30:00
79,1,27-02-2024,2024-02-27 05:30:00
82,1,28-02-2024,2024-02-28 05:30:00
80,1,29-02-2024,2024-02-29 05:30:00
80,1,01-03-2024,2024-03-01 05:30:00
80,1,02-03-2024,2024-03-02 05:30:00
83,1,03-03-2024,2024-03-03 05:30:00
82,1,04-03-2024,2024-03-04 05:30:00
90,1,05-03-2024,2024-03-05 05:30:00
75,1,06-03-2024,2024-03-06 05:30:00
82,1,07-03-2024,2024-03-07 05:30:00
81,1,08-03-2024,2024-03-08 05:30:00
84,1,09-03-2024,2024-03-09 05:30:00
79,1,10-03-2024,2024-03-10 05:30:00
82,1,11-03-2024,2024-03-11 05:30:00
81,1,12-03-2024,2024-03-12 05:30:00
81,1,13-03-2024,2024-03-13 05:30:00
88,1,14-03-2024,2024-03-14 05:30:00
83,1,15-03-2024,2024-03-15 05:30:00
81,1,16-03-2024,2024-03-16 05:30:00
79,1,17-03-2024,2024-03-17 05:30:00
77,1,18-03-2024,2024-03-18 05:30:00
79,1,19-03-2024,2024-03-19 05:30:00
74,3,20-03-2024,2024-03-20 05:30:00
78,1,21-03-2024,2024-03-21 05:30:00
75,1,22-03-2024,2024-03-22 05:30:00
73,3,23-03-2024,2024-03-23 05:30:00
74,3,24-03-2024,2024-03-24 05:30:00
75,1,25-03-2024,2024-03-25 05:30:00
81,1,26-03-2024,2024-03-26 05:30:00
83,1,27-03-2024,2024-03-27 05:30:00
80,1,28-03-2024,2024-03-28 05:30:00
79,1,29-03-2024,2024-03-29 05:30:00
75,1,30-03-2024,2024-03-30 05:30:00
75,1,31-03-2024,2024-03-31 05:30:00
79,1,01-04-2024,2024-04-01 05:30:00
79,1,02-04-2024,2024-04-02 05:30:00
71,3,03-04-2024,2024-04-03 05:30:00
70,3,04-04-2024,2024-04-04 05:30:00
79,1,05-04-2024,2024-04-05 05:30:00
75,1,06-04-2024,2024-04-06 05:30:00
78,1,07-04-2024,2024-04-07 05:30:00
76,1,08-04-2024,2024-04-08 05:30:00
80,1,09-04-2024,2024-04-09 05:30:00
78,1,10-04-2024,2024-04-10 05:30:00
76,1,11-04-2024,2024-04-11 05:30:00
79,1,12-04-2024,2024-04-12 05:30:00
72,3,13-04-2024,2024-04-13 05:30:00
72,3,14-04-2024,2024-04-14 05:30:00
74,3,15-04-2024,2024-04-15 05:30:00
65,3,16-04-2024,2024-04-16 05:30:00
67,3,17-04-2024,2024-04-17 05:30:00
57,3,18-04-2024,2024-04-18 05:30:00
66,3,19-04-2024,2024-04-19 05:30:00
66,3,20-04-2024,2024-04-20 05:30:00
72,3,21-04-2024,2024-04-21 05:30:00
73,3,22-04-2024,2024-04-22 05:30:00
71,3,23-04-2024,2024-04-23 05:30:00
72,3,24-04-2024,2024-04-24 05:30:00
72,3,25-04-2024,2024-04-25 05:30:00
70,3,26-04-2024,2024-04-26 05:30:00
67,3,27-04-2024,2024-04-27 05:30:00
65,3,28-04-2024,2024-04-28 05:30:00
67,3,29-04-2024,2024-04-29 05:30:00
67,3,30-04-2024,2024-04-30 05:30:00
54,4,01-05-2024,2024-05-01 05:30:00
43,2,02-05-2024,2024-05-02 05:30:00
48,4,03-05-2024,2024-05-03 05:30:00
67,3,04-05-2024,2024-05-04 05:30:00
69,3,05-05-2024,2024-05-05 05:30:00
71,3,06-05-2024,2024-05-06 05:30:00
68,3,07-05-2024,2024-05-07 05:30:00
64,3,08-05-2024,2024-05-08 05:30:00
55,3,09-05-2024,2024-05-09 05:30:00
66,3,10-05-2024,2024-05-10 05:30:00
53,4,11-05-2024,2024-05-11 05:30:00
56,3,12-05-2024,2024-05-12 05:30:00
57,3,13-05-2024,2024-05-13 05:30:00
66,3,14-05-2024,2024-05-14 05:30:00
64,3,15-05-2024,2024-05-15 05:30:00
70,3,16-05-2024,2024-05-16 05:30:00
74,3,17-05-2024,2024-05-17 05:30:00
73,3,18-05-2024,2024-05-18 05:30:00
72,3,19-05-2024,2024-05-19 05:30:00
70,3,20-05-2024,2024-05-20 05:30:00
76,1,21-05-2024,2024-05-21 05:30:00
76,1,22-05-2024,2024-05-22 05:30:00
76,1,23-05-2024,2024-05-23 05:30:00
74,3,24-05-2024,2024-05-24 05:30:00
76,1,25-05-2024,2024-05-25 05:30:00
75,1,26-05-2024,2024-05-26 05:30:00
74,3,27-05-2024,2024-05-27 05:30:00
72,3,28-05-2024,2024-05-28 05:30:00
72,3,29-05-2024,2024-05-29 05:30:00
73,3,30-05-2024,2024-05-30 05:30:00
73,3,31-05-2024,2024-05-31 05:30:00
72,3,01-06-2024,2024-06-01 05:30:00
73,3,02-06-2024,2024-06-02 05:30:00
73,3,03-06-2024,2024-06-03 05:30:00
73,3,04-06-2024,2024-06-04 05:30:00
75,1,05-06-2024,2024-06-05 05:30:00
78,1,06-06-2024,2024-06-06 05:30:00
77,1,07-06-2024,2024-06-07 05:30:00
72,3,08-06-2024,2024-06-08 05:30:00
75,1,09-06-2024,2024-06-09 05:30:00
72,3,10-06-2024,2024-06-10 05:30:00
74,3,11-06-2024,2024-06-11 05:30:00
72,3,12-06-2024,2024-06-12 05:30:00
70,3,13-06-2024,2024-06-13 05:30:00
74,3,14-06-2024,2024-06-14 05:30:00
74,3,15-06-2024,2024-06-15 05:30:00
71,3,16-06-2024,2024-06-16 05:30:00
71,3,17-06-2024,2024-06-17 05:30:00
74,3,18-06-2024,2024-06-18 05:30:00
64,3,19-06-2024,2024-06-19 05:30:00
60,3,20-06-2024,2024-06-20 05:30:00
63,3,21-06-2024,2024-06-21 05:30:00
53,4,22-06-2024,2024-06-22 05:30:00
55,3,23-06-2024,2024-06-23 05:30:00
51,4,24-06-2024,2024-06-24 05:30:00
30,2,25-06-2024,2024-06-25 05:30:00
46,4,26-06-2024,2024-06-26 05:30:00
40,2,27-06-2024,2024-06-27 05:30:00
47,4,28-06-2024,2024-06-28 05:30:00
30,2,29-06-2024,2024-06-29 05:30:00
47,4,30-06-2024,2024-06-30 05:30:00
53,4,01-07-2024,2024-07-01 05:30:00
51,4,02-07-2024,2024-07-02 05:30:00
50,4,03-07-2024,2024-07-03 05:30:00
44,2,04-07-2024,2024-07-04 05:30:00
29,2,05-07-2024,2024-07-05 05:30:00
26,2,06-07-2024,2024-07-06 05:30:00
29,2,07-07-2024,2024-07-07 05:30:00
28,2,08-07-2024,2024-07-08 05:30:00
27,2,09-07-2024,2024-07-09 05:30:00
28,2,10-07-2024,2024-07-10 05:30:00
29,2,11-07-2024,2024-07-11 05:30:00
25,2,12-07-2024,2024-07-12 05:30:00
25,2,13-07-2024,2024-07-13 05:30:00
33,2,14-07-2024,2024-07-14 05:30:00
52,4,15-07-2024,2024-07-15 05:30:00
65,3,16-07-2024,2024-07-16 05:30:00
69,3,17-07-2024,2024-07-17 05:30:00
61,3,18-07-2024,2024-07-18 05:30:00
60,3,19-07-2024,2024-07-19 05:30:00
74,3,20-07-2024,2024-07-20 05:30:00
74,3,21-07-2024,2024-07-21 05:30:00
70,3,22-07-2024,2024-07-22 05:30:00
71,3,23-07-2024,2024-07-23 05:30:00
69,3,24-07-2024,2024-07-24 05:30:00
68,3,25-07-2024,2024-07-25 05:30:00
68,3,26-07-2024,2024-07-26 05:30:00
72,3,27-07-2024,2024-07-27 05:30:00
71,3,28-07-2024,2024-07-28 05:30:00
74,3,29-07-2024,2024-07-29 05:30:00
67,3,30-07-2024,2024-07-30 05:30:00
61,3,31-07-2024,2024-07-31 05:30:00
52,4,01-08-2024,2024-08-01 05:30:00
57,3,02-08-2024,2024-08-02 05:30:00
37,2,03-08-2024,2024-08-03 05:30:00
34,2,04-08-2024,2024-08-04 05:30:00
26,2,05-08-2024,2024-08-05 05:30:00
17,0,06-08-2024,2024-08-06 05:30:00
29,2,07-08-2024,2024-08-07 05:30:00
20,0,08-08-2024,2024-08-08 05:30:00
48,4,09-08-2024,2024-08-09 05:30:00
40,2,10-08-2024,2024-08-10 05:30:00
39,2,11-08-2024,2024-08-11 05:30:00
25,2,12-08-2024,2024-08-12 05:30:00
31,2,13-08-2024,2024-08-13 05:30:00
30,2,14-08-2024,2024-08-14 05:30:00
29,2,15-08-2024,2024-08-15 05:30:00
27,2,16-08-2024,2024-08-16 05:30:00
25,2,17-08-2024,2024-08-17 05:30:00
31,2,18-08-2024,2024-08-18 05:30:00
28,2,19-08-2024,2024-08-19 05:30:00
30,2,20-08-2024,2024-08-20 05:30:00
26,2,21-08-2024,2024-08-21 05:30:00
39,2,22-08-2024,2024-08-22 05:30:00
34,2,23-08-2024,2024-08-23 05:30:00
56,3,24-08-2024,2024-08-24 05:30:00
54,4,25-08-2024,2024-08-25 05:30:00
55,3,26-08-2024,2024-08-26 05:30:00
48,4,27-08-2024,2024-08-27 05:30:00
30,2,28-08-2024,2024-08-28 05:30:00
29,2,29-08-2024,2024-08-29 05:30:00
34,2,30-08-2024,2024-08-30 05:30:00
29,2,31-08-2024,2024-08-31 05:30:00
26,2,01-09-2024,2024-09-01 05:30:00
26,2,02-09-2024,2024-09-02 05:30:00
26,2,03-09-2024,2024-09-03 05:30:00
27,2,04-09-2024,2024-09-04 05:30:00
29,2,05-09-2024,2024-09-05 05:30:00
22,0,06-09-2024,2024-09-06 05:30:00
23,0,07-09-2024,2024-09-07 05:30:00
29,2,08-09-2024,2024-09-08 05:30:00
26,2,09-09-2024,2024-09-09 05:30:00
33,2,10-09-2024,2024-09-10 05:30:00
37,2,11-09-2024,2024-09-11 05:30:00
31,2,12-09-2024,2024-09-12 05:30:00
32,2,13-09-2024,2024-09-13 05:30:00
50,4,14-09-2024,2024-09-14 05:30:00
51,4,15-09-2024,2024-09-15 05:30:00
39,2,16-09-2024,2024-09-16 05:30:00
33,2,17-09-2024,2024-09-17 05:30:00
45,4,18-09-2024,2024-09-18 05:30:00
49,4,19-09-2024,2024-09-19 05:30:00
54,4,20-09-2024,2024-09-20 05:30:00
54,4,21-09-2024,2024-09-21 05:30:00
52,4,22-09-2024,2024-09-22 05:30:00
50,4,23-09-2024,2024-09-23 05:30:00
54,4,24-09-2024,2024-09-24 05:30:00
59,3,25-09-2024,2024-09-25 05:30:00
50,4,26-09-2024,2024-09-26 05:30:00
61,3,27-09-2024,2024-09-27 05:30:00
64,3,28-09-2024,2024-09-28 05:30:00
63,3,29-09-2024,2024-09-29 05:30:00
61,3,30-09-2024,2024-09-30 05:30:00
50,4,01-10-2024,2024-10-01 05:30:00
42,2,02-10-2024,2024-10-02 05:30:00
37,2,03-10-2024,2024-10-03 05:30:00
41,2,04-10-2024,2024-10-04 05:30:00
49,4,05-10-2024,2024-10-05 05:30:00
50,4,06-10-2024,2024-10-06 05:30:00
50,4,07-10-2024,2024-10-07 05:30:00
49,4,08-10-2024,2024-10-08 05:30:00
49,4,09-10-2024,2024-10-09 05:30:00
39,2,10-10-2024,2024-10-10 05:30:00
32,2,11-10-2024,2024-10-11 05:30:00
49,4,12-10-2024,2024-10-12 05:30:00
50,4,13-10-2024,2024-10-13 05:30:00
48,4,14-10-2024,2024-10-14 05:30:00
65,3,15-10-2024,2024-10-15 05:30:00
73,3,16-10-2024,2024-10-16 05:30:00
71,3,17-10-2024,2024-10-17 05:30:00
73,3,18-10-2024,2024-10-18 05:30:00
72,3,19-10-2024,2024-10-19 05:30:00
73,3,20-10-2024,2024-10-20 05:30:00
72,3,21-10-2024,2024-10-21 05:30:00
70,3,22-10-2024,2024-10-22 05:30:00
71,3,23-10-2024,2024-10-23 05:30:00
69,3,24-10-2024,2024-10-24 05:30:00
72,3,25-10-2024,2024-10-25 05:30:00
74,3,27-10-2024,2024-10-27 05:30:00
72,3,28-10-2024,2024-10-28 05:30:00
72,3,29-10-2024,2024-10-29 05:30:00
77,1,30-10-2024,2024-10-30 05:30:00
77,1,31-10-2024,2024-10-31 05:30:00
75,1,01-11-2024,2024-11-01 05:30:00
72,3,02-11-2024,2024-11-02 05:30:00
74,3,03-11-2024,2024-11-03 05:30:00
70,3,04-11-2024,2024-11-04 05:30:00
70,3,05-11-2024,2024-11-05 05:30:00
70,3,06-11-2024,2024-11-06 05:30:00
77,1,07-11-2024,2024-11-07 05:30:00
75,1,08-11-2024,2024-11-08 05:30:00
75,1,09-11-2024,2024-11-09 05:30:00
78,1,10-11-2024,2024-11-10 05:30:00
76,1,11-11-2024,2024-11-11 05:30:00
80,1,12-11-2024,2024-11-12 05:30:00
84,1,13-11-2024,2024-11-13 05:30:00
88,1,14-11-2024,2024-11-14 05:30:00
80,1,15-11-2024,2024-11-15 05:30:00
86,1,16-11-2024,2024-11-16 05:30:00
90,1,17-11-2024,2024-11-17 05:30:00
83,1,18-11-2024,2024-11-18 05:30:00
90,1,19-11-2024,2024-11-19 05:30:00
83,1,20-11-2024,2024-11-20 05:30:00
82,1,21-11-2024,2024-11-21 05:30:00
94,1,22-11-2024,2024-11-22 05:30:00
93,1,23-11-2024,2024-11-23 05:30:00
80,1,24-11-2024,2024-11-24 05:30:00
82,1,25-11-2024,2024-11-25 05:30:00
79,1,26-11-2024,2024-11-26 05:30:00
75,1,27-11-2024,2024-11-27 05:30:00
77,1,28-11-2024,2024-11-28 05:30:00
78,1,29-11-2024,2024-11-29 05:30:00
84,1,30-11-2024,2024-11-30 05:30:00
81,1,01-12-2024,2024-12-01 05:30:00
80,1,02-12-2024,2024-12-02 05:30:00
76,1,03-12-2024,2024-12-03 05:30:00
78,1,04-12-2024,2024-12-04 05:30:00
84,1,05-12-2024,2024-12-05 05:30:00
72,3,06-12-2024,2024-12-06 05:30:00
75,1,07-12-2024,2024-12-07 05:30:00
79,1,08-12-2024,2024-12-08 05:30:00
78,1,09-12-2024,2024-12-09 05:30:00
78,1,10-12-2024,2024-12-10 05:30:00
74,3,11-12-2024,2024-12-11 05:30:00
83,1,12-12-2024,2024-12-12 05:30:00
76,1,13-12-2024,2024-12-13 05:30:00
83,1,14-12-2024,2024-12-14 05:30:00
80,1,15-12-2024,2024-12-15 05:30:00
83,1,16-12-2024,2024-12-16 05:30:00
87,1,17-12-2024,2024-12-17 05:30:00
81,1,18-12-2024,2024-12-18 05:30:00
75,1,19-12-2024,2024-12-19 05:30:00
74,3,20-12-2024,2024-12-20 05:30:00
73,3,21-12-2024,2024-12-21 05:30:00
73,3,22-12-2024,2024-12-22 05:30:00
70,3,23-12-2024,2024-12-23 05:30:00
73,3,24-12-2024,2024-12-24 05:30:00
73,3,25-12-2024,2024-12-25 05:30:00
79,1,26-12-2024,2024-12-26 05:30:00
74,3,27-12-2024,2024-12-27 05:30:00
72,3,28-12-2024,2024-12-28 05:30:00
73,3,29-12-2024,2024-12-29 05:30:00
65,3,30-12-2024,2024-12-30 05:30:00
64,3,31-12-2024,2024-12-31 05:30:00
66,3,01-01-2025,2025-01-01 05:30:00
70,3,02-01-2025,2025-01-02 05:30:00
74,3,03-01-2025,2025-01-03 05:30:00
73,3,04-01-2025,2025-01-04 05:30:00
72,3,05-01-2025,2025-01-05 05:30:00
76,1,06-01-2025,2025-01-06 05:30:00
78,1,07-01-2025,2025-01-07 05:30:00
70,3,08-01-2025,2025-01-08 05:30:00
69,3,09-01-2025,2025-01-09 05:30:00
50,4,10-01-2025,2025-01-10 05:30:00
69,3,11-01-2025,2025-01-11 05:30:00
62,3,12-01-2025,2025-01-12 05:30:00
61,3,13-01-2025,2025-01-13 05:30:00
63,3,14-01-2025,2025-01-14 05:30:00
70,3,15-01-2025,2025-01-15 05:30:00
75,1,16-01-2025,2025-01-16 05:30:00
75,1,17-01-2025,2025-01-17 05:30:00
77,1,18-01-2025,2025-01-18 05:30:00
77,1,19-01-2025,2025-01-19 05:30:00
76,1,20-01-2025,2025-01-20 05:30:00
76,1,21-01-2025,2025-01-21 05:30:00
84,1,22-01-2025,2025-01-22 05:30:00
75,1,23-01-2025,2025-01-23 05:30:00
75,1,24-01-2025,2025-01-24 05:30:00
75,1,25-01-2025,2025-01-25 05:30:00
73,3,26-01-2025,2025-01-26 05:30:00
71,3,27-01-2025,2025-01-27 05:30:00
72,3,28-01-2025,2025-01-28 05:30:00
72,3,29-01-2025,2025-01-29 05:30:00
70,3,30-01-2025,2025-01-30 05:30:00
76,1,31-01-2025,2025-01-31 05:30:00
68,3,01-02-2025,2025-02-01 05:30:00
60,3,02-02-2025,2025-02-02 05:30:00
44,2,03-02-2025,2025-02-03 05:30:00
72,3,04-02-2025,2025-02-04 05:30:00
54,4,05-02-2025,2025-02-05 05:30:00
49,4,06-02-2025,2025-02-06 05:30:00
44,2,07-02-2025,2025-02-07 05:30:00
44,2,08-02-2025,2025-02-08 05:30:00
46,4,09-02-2025,2025-02-09 05:30:00
43,2,10-02-2025,2025-02-10 05:30:00
47,4,11-02-2025,2025-02-11 05:30:00
46,4,12-02-2025,2025-02-12 05:30:00
50,4,13-02-2025,2025-02-13 05:30:00
48,4,14-02-2025,2025-02-14 05:30:00
50,4,15-02-2025,2025-02-15 05:30:00
54,4,16-02-2025,2025-02-16 05:30:00
51,4,17-02-2025,2025-02-17 05:30:00
47,4,18-02-2025,2025-02-18 05:30:00
44,2,19-02-2025,2025-02-19 05:30:00
49,4,20-02-2025,2025-02-20 05:30:00
55,3,21-02-2025,2025-02-21 05:30:00
49,4,22-02-2025,2025-02-22 05:30:00
50,4,23-02-2025,2025-02-23 05:30:00
49,4,24-02-2025,2025-02-24 05:30:00
25,2,25-02-2025,2025-02-25 05:30:00
21,0,26-02-2025,2025-02-26 05:30:00
10,0,27-02-2025,2025-02-27 05:30:00
16,0,28-02-2025,2025-02-28 05:30:00
20,0,01-03-2025,2025-03-01 05:30:00
26,2,02-03-2025,2025-03-02 05:30:00
33,2,03-03-2025,2025-03-03 05:30:00
15,0,04-03-2025,2025-03-04 05:30:00
20,0,05-03-2025,2025-03-05 05:30:00
25,2,06-03-2025,2025-03-06 05:30:00
34,2,07-03-2025,2025-03-07 05:30:00
28,2,08-03-2025,2025-03-08 05:30:00
27,2,09-03-2025,2025-03-09 05:30:00
20,0,10-03-2025,2025-03-10 05:30:00
24,0,11-03-2025,2025-03-11 05:30:00
34,2,12-03-2025,2025-03-12 05:30:00
45,4,13-03-2025,2025-03-13 05:30:00
27,2,14-03-2025,2025-03-14 05:30:00
46,4,15-03-2025,2025-03-15 05:30:00
30,2,16-03-2025,2025-03-16 05:30:00
32,2,17-03-2025,2025-03-17 05:30:00
34,2,18-03-2025,2025-03-18 05:30:00
32,2,19-03-2025,2025-03-19 05:30:00
49,4,20-03-2025,2025-03-20 05:30:00
31,2,21-03-2025,2025-03-21 05:30:00
32,2,22-03-2025,2025-03-22 05:30:00
30,2,23-03-2025,2025-03-23 05:30:00
45,4,24-03-2025,2025-03-24 05:30:00
46,4,25-03-2025,2025-03-25 05:30:00
47,4,26-03-2025,2025-03-26 05:30:00
40,2,27-03-2025,2025-03-27 05:30:00
44,2,28-03-2025,2025-03-28 05:30:00
26,2,29-03-2025,2025-03-29 05:30:00
32,2,30-03-2025,2025-03-30 05:30:00
34,2,31-03-2025,2025-03-31 05:30:00
34,2,01-04-2025,2025-04-01 05:30:00
44,2,02-04-2025,2025-04-02 05:30:00
25,2,03-04-2025,2025-04-03 05:30:00
28,2,04-04-2025,2025-04-04 05:30:00
30,2,05-04-2025,2025-04-05 05:30:00
34,2,06-04-2025,2025-04-06 05:30:00
23,0,07-04-2025,2025-04-07 05:30:00
24,0,08-04-2025,2025-04-08 05:30:00
18,0,09-04-2025,2025-04-09 05:30:00
39,2,10-04-2025,2025-04-10 05:30:00
25,2,11-04-2025,2025-04-11 05:30:00
43,2,12-04-2025,2025-04-12 05:30:00
45,4,13-04-2025,2025-04-13 05:30:00
31,2,14-04-2025,2025-04-14 05:30:00
38,2,15-04-2025,2025-04-15 05:30:00
29,2,16-04-2025,2025-04-16 05:30:00
30,2,17-04-2025,2025-04-17 05:30:00
33,2,18-04-2025,2025-04-18 05:30:00
32,2,19-04-2025,2025-04-19 05:30:00
37,2,20-04-2025,2025-04-20 05:30:00
39,2,21-04-2025,2025-04-21 05:30:00
47,4,22-04-2025,2025-04-22 05:30:00
72,3,23-04-2025,2025-04-23 05:30:00
63,3,24-04-2025,2025-04-24 05:30:00
60,3,25-04-2025,2025-04-25 05:30:00
65,3,26-04-2025,2025-04-26 05:30:00
61,3,27-04-2025,2025-04-27 05:30:00
54,4,28-04-2025,2025-04-28 05:30:00
60,3,29-04-2025,2025-04-29 05:30:00
56,3,30-04-2025,2025-04-30 05:30:00
53,4,01-05-2025,2025-05-01 05:30:00
67,3,02-05-2025,2025-05-02 05:30:00
